FIPS,NAME,QNAME,STATE,Geo_SUMLEV,Geo_LOGRECNO,REGION,DIVISION,STATEFIPS,Geo_CBSA,CBSA_Sizecode,CSA,Geo_AREALAND,Geo_AREAWATR,HousUnit,Geo_INTPTLAT,Geo_INTPTLON,Geo_LSADC,Geo_PARTFLAG,Geo_STATENS,Geo_CSASC,Geo_MEMI,TotPop,White,Black,AIAN,Asian,NHPI,Latinx,NatB,FB
110700,"Albertville, AL Micro Area","Albertville, Alabama",AL,320,287899,3,6,1,10700,17,999,1465522757,148503356,40342,34.3257251,-86.2963167,M2,W,1779775,0,2,93019,78060,1389,570,475,63,11238,85660,7410
110760,"Alexander City, AL Micro Area","Alexander City, Alabama",AL,320,287902,3,6,1,10760,17,388,3541671132,168755442,28589,32.8857566,-85.9645484,M2,W,1779775,19,2,53155,36442,14606,159,211,2,1272,51875,964
111500,"Anniston-Oxford, AL Metro Area","Anniston-Oxford, Alabama",AL,320,287906,3,6,1,11500,18,999,1569189995,16624267,53289,33.7277819,-85.8250917,M1,W,1779775,0,1,118572,87285,24177,480,830,94,3893,115015,2819
112220,"Auburn-Opelika, AL Metro Area","Auburn-Opelika, Alabama",AL,320,287910,3,6,1,12220,18,194,1573510728,21530362,62391,32.6014173,-85.3419744,M1,W,1779775,19,1,140247,97900,31674,397,3615,66,4571,134061,6877
113820,"Birmingham-Hoover, AL Metro Area","Birmingham-Hoover, Alabama",AL,320,287914,3,6,1,13820,21,142,13673875552,233771784,500025,33.5022591,-86.7988209,M1,W,1779775,21,1,1128047,733656,317019,2857,13748,319,48530,1080703,47390
117980,"Columbus, GA-AL Metro Area (part)","Columbus, Alabama",AL,320,287924,3,6,1,17980,19,194,1660545751,15673340,24595,32.3758605,-85.0882693,M1,P,1779775,19,1,52947,27591,21926,189,223,112,1946,53081,857
118980,"Cullman, AL Micro Area","Cullman, Alabama",AL,320,287926,3,6,1,18980,17,142,1903228333,52266921,37054,34.1526891,-86.8387271,M2,W,1779775,21,2,80406,74568,821,397,339,18,3454,78112,2291
119300,"Daphne-Fairhope-Foley, AL Micro Area","Daphne-Fairhope-Foley, Alabama",AL,320,287929,3,6,1,19300,18,380,4117521611,1133190229,104061,30.5855436,-87.7531138,M2,W,1779775,20,2,182265,152200,16966,1146,1340,79,7992,176391,6835
119460,"Decatur, AL Metro Area","Decatur, Alabama",AL,320,287935,3,6,1,19460,18,290,3289322887,119753325,66422,34.5232515,-87.047002,M1,W,1779775,20,1,153829,119005,17976,2856,706,74,9730,146675,6803
120020,"Dothan, AL Metro Area","Dothan, Alabama",AL,320,287939,3,6,1,20020,18,222,4444374403,33492066,66897,31.2180498,-85.4776702,M1,W,1779775,18,1,145639,104154,33476,644,915,53,4304,142116,3387
121460,"Enterprise-Ozark, AL Micro Area","Enterprise-Ozark, Alabama",AL,320,287944,3,6,1,21460,18,222,3211899943,7961187,45007,31.3772803,-85.7638189,M2,W,1779775,18,2,100199,71839,17803,939,1156,93,6001,95779,4316
121640,"Eufaula, AL-GA Micro Area (part)","Eufaula, Alabama",AL,320,287949,3,6,1,21640,16,999,2291818968,50864716,11829,31.8333472,-85.3245749,M2,P,1779775,0,2,27457,12837,12820,60,107,24,1387,26691,778
122520,"Florence-Muscle Shoals, AL Metro Area","Florence-Muscle Shoals, Alabama",AL,320,287952,3,6,1,22520,18,999,3264205264,214458292,69549,34.8037702,-87.6583136,M1,W,1779775,0,1,147137,122562,17892,585,899,37,3175,144155,2824
122840,"Fort Payne, AL Micro Area","Fort Payne, Alabama",AL,320,287957,3,6,1,22840,17,999,2012662359,4123588,31109,34.4642313,-85.802238,M2,W,1779775,0,2,71109,57997,1029,865,166,35,9690,65715,5234
123460,"Gadsden, AL Metro Area","Gadsden, Alabama",AL,320,287960,3,6,1,23460,18,999,1385618994,35322991,47454,34.0176717,-86.0307956,M1,W,1779775,0,1,104430,82789,15716,372,657,30,3447,102158,2159
126620,"Huntsville, AL Metro Area","Huntsville, Alabama",AL,320,287963,3,6,1,26620,19,290,3526344855,151153209,181424,34.7396839,-86.6636554,M1,W,1779775,20,1,417593,286557,89867,2822,9078,347,19995,396422,21552
133660,"Mobile, AL Metro Area","Mobile, Alabama",AL,320,287967,3,6,1,33660,19,380,3184223082,1073750500,178196,30.7323109,-88.1574839,M1,W,1779775,20,1,412992,243904,142272,3541,7507,157,9936,399032,13265
133860,"Montgomery, AL Metro Area","Montgomery, Alabama",AL,320,287970,3,6,1,33860,19,388,7026840296,189933054,161573,32.418301,-86.3284761,M1,W,1779775,19,1,374536,192543,158620,1031,5787,156,11840,362121,12479
142460,"Scottsboro, AL Micro Area","Scottsboro, Alabama",AL,320,287976,3,6,1,42460,17,999,2791664869,126657194,24786,34.7521076,-85.9502154,M2,W,1779775,0,2,53227,47937,1771,680,165,29,1339,52173,1106
142820,"Selma, AL Micro Area","Selma, Alabama",AL,320,287979,3,6,1,42820,16,999,2534807386,39134826,20208,32.3834435,-87.064647,M2,W,1779775,0,2,43820,12676,30314,78,144,6,309,43223,349
145180,"Talladega-Sylacauga, AL Micro Area","Talladega-Sylacauga, Alabama",AL,320,287982,3,6,1,45180,17,999,1908239516,60944144,37088,33.3692774,-86.1758045,M2,W,1779775,0,2,82291,53079,25953,230,329,6,1671,81183,1011
145980,"Troy, AL Micro Area","Troy, Alabama",AL,320,287986,3,6,1,45980,16,999,1740715643,2362806,15267,31.7938916,-85.9418,M2,W,1779775,0,2,32899,18887,11990,185,645,6,730,31334,1416
146220,"Tuscaloosa, AL Metro Area","Tuscaloosa, Alabama",AL,320,287989,3,6,1,46220,18,999,6767139886,142152771,97534,33.1306962,-87.5733191,M1,W,1779775,0,1,219461,134386,74015,489,2343,77,6158,212268,6803
146260,"Tuskegee, AL Micro Area","Tuskegee, Alabama",AL,320,287994,3,6,1,46260,15,194,1577005015,11194263,10259,32.4249887,-85.7305172,M2,W,1779775,19,2,21452,3267,17631,28,76,2,232,21034,180
146740,"Valley, AL Micro Area","Valley, Alabama",AL,320,287997,3,6,1,46740,16,122,1545009282,17048142,17004,32.8684282,-85.299421,M2,W,1779775,23,2,34215,19893,13206,57,166,7,536,33826,402
511660,"Arkadelphia, AR Micro Area","Arkadelphia, Arkansas",AR,320,223547,3,7,5,11660,15,999,2243121932,43395997,10385,34.0775168,-93.1645751,M2,W,68085,0,2,22995,16177,5366,84,120,5,926,22587,463
512900,"Batesville, AR Micro Area","Batesville, Arkansas",AR,320,223550,3,7,5,12900,16,999,1978628920,19593957,16187,35.7577189,-91.5859431,M2,W,68085,0,2,36647,32914,709,142,276,19,2139,35293,1279
514180,"Blytheville, AR Micro Area","Blytheville, Arkansas",AR,320,223553,3,7,5,14180,16,999,2332475973,49826380,20459,35.8034002,-90.0261708,M2,W,68085,0,2,46480,28106,15761,120,229,1,1695,45465,923
515780,"Camden, AR Micro Area","Camden, Arkansas",AR,320,223556,3,7,5,15780,16,999,3525917076,27976624,16018,33.5776061,-92.7389798,M2,W,68085,0,2,31488,18645,11624,90,106,4,560,31087,180
520980,"El Dorado, AR Micro Area","El Dorado, Arkansas",AR,320,223560,3,7,5,20980,16,999,2691552718,41401571,19653,33.2088182,-92.6216016,M2,W,68085,0,2,41639,25722,13674,127,196,11,1460,40666,928
522220,"Fayetteville-Springdale-Rogers, AR-MO Metro Area (part)","Fayetteville-Springdale-Rogers, Arkansas",AR,320,223563,3,7,5,22220,19,999,6795037746,129025700,188373,36.1767684,-94.1698869,M1,P,68085,0,1,440121,334602,8502,5765,10698,4745,66500,395220,46539
522620,"Forrest City, AR Micro Area","Forrest City, Arkansas",AR,320,223571,3,7,5,22620,16,999,1644048592,20050191,10903,35.0197037,-90.7241298,M2,W,68085,0,2,28258,11973,14565,127,133,9,1149,27493,596
522900,"Fort Smith, AR-OK Metro Area (part)","Fort Smith, Arkansas",AR,320,223574,3,7,5,22900,19,999,4490682782,93713656,88787,35.3985354,-94.2180254,M1,P,68085,0,1,205817,162352,8668,3700,6075,112,19576,191354,14221
525460,"Harrison, AR Micro Area","Harrison, Arkansas",AR,320,223579,3,7,5,25460,16,999,3654802244,35976249,21491,36.1724012,-93.1195248,M2,W,68085,0,2,45233,43033,69,331,175,22,815,44769,549
525760,"Helena-West Helena, AR Micro Area","Helena-West Helena, Arkansas",AR,320,223583,3,7,5,25760,15,999,1801758335,82056090,10126,34.4796386,-90.7560804,M2,W,68085,0,2,21757,7535,13652,39,64,1,287,21530,116
526260,"Hope, AR Micro Area","Hope, Arkansas",AR,320,223586,3,7,5,26260,16,999,3484457405,42630194,14982,33.7098721,-93.5380856,M2,W,68085,0,2,31606,18631,9381,105,105,18,2933,30086,1465
526300,"Hot Springs, AR Metro Area","Hot Springs, Arkansas",AR,320,223590,3,7,5,26300,17,999,1755444878,147213948,50548,34.5390611,-93.0788764,M1,W,68085,0,1,96024,80621,7552,532,689,40,4622,92424,3825
527860,"Jonesboro, AR Metro Area","Jonesboro, Arkansas",AR,320,223593,3,7,5,27860,18,308,3795873677,27685268,51438,35.7302747,-90.611669,M1,W,68085,18,1,121026,98641,14328,339,1113,27,4820,117820,3395
530780,"Little Rock-North Little Rock-Conway, AR Metro Area","Little Rock-North Little Rock-Conway, Arkansas",AR,320,223597,3,7,5,30780,20,340,10580594243,293548331,306882,34.7765123,-92.3571332,M1,W,68085,20,1,699757,487009,154322,2836,10201,237,33575,672555,28397
531620,"Magnolia, AR Micro Area","Magnolia, Arkansas",AR,320,223607,3,7,5,31620,15,999,1984066985,1813507,11596,33.2533805,-93.2274606,M2,W,68085,0,2,24552,14545,9006,62,171,3,533,23956,688
532820,"Memphis, TN-MS-AR Metro Area (part)","Memphis, Arkansas",AR,320,223610,3,7,5,32820,21,999,1579271661,68938875,21489,35.197115,-90.2707931,M1,P,68085,0,1,50902,23028,25953,120,301,6,1014,49943,675
534260,"Mountain Home, AR Micro Area","Mountain Home, Arkansas",AR,320,223612,3,7,5,34260,16,999,1435587546,83997217,22580,36.314188,-92.3582849,M2,W,68085,0,2,41513,39837,59,217,163,16,688,40646,741
537500,"Paragould, AR Micro Area","Paragould, Arkansas",AR,320,223615,3,7,5,37500,16,308,1496233476,4826525,17892,36.0938532,-90.5167373,M2,W,68085,18,2,42090,40166,232,194,107,7,901,41765,459
538220,"Pine Bluff, AR Metro Area","Pine Bluff, Arkansas",AR,320,223618,3,7,5,38220,18,340,5257793851,141579093,41930,34.1790161,-91.9733755,M1,W,68085,20,1,100258,48740,47749,259,625,11,1816,98560,1128
540780,"Russellville, AR Micro Area","Russellville, Arkansas",AR,320,223623,3,7,5,40780,17,999,4513137726,96087269,35303,35.2295797,-93.1857267,M2,W,68085,0,2,83939,70687,2036,524,875,20,8398,79164,4722
542620,"Searcy, AR Micro Area","Searcy, Arkansas",AR,320,223627,3,7,5,42620,17,340,2680832626,18311035,32488,35.248364,-91.7315804,M2,W,68085,20,2,77076,69026,3033,425,411,30,2879,75321,1686
545500,"Texarkana, TX-Texarkana, AR Metro Area (part)","Texarkana, Arkansas",AR,320,223630,3,7,5,45500,18,999,1620239736,31263840,19281,33.3865227,-93.9582655,M1,P,68085,0,1,43462,30691,10589,280,196,17,1038,42852,597
1020100,"Dover, DE Metro Area","Dover, Delaware",DE,320,28905,3,5,10,20100,18,999,1518196116,549470508,65338,39.1106898,-75.5549796,M1,W,1779781,0,1,162310,105891,37812,916,3266,74,9346,154784,8001
1037980,"Philadelphia-Camden-Wilmington, PA-NJ-DE-MD Metro Area (part)","Philadelphia-Camden-Wilmington, Delaware",DE,320,28908,3,5,10,37980,23,428,1104074798,175385759,217511,39.6837795,-75.6182952,M1,P,1779781,23,1,538479,331836,124426,984,23132,102,46921,485718,53947
1042580,"Seaford, DE Micro Area","Seaford, Delaware",DE,320,28913,3,5,10,42580,18,999,2424432871,674204700,123036,38.651248,-75.3242222,M2,W,1779781,0,2,197145,149025,24544,924,1910,62,16954,184724,12957
1147900,"Washington-Arlington-Alexandria, DC-VA-MD-WV Metro Area (part)","Washington-Arlington-Alexandria, District of Columbia",DC,320,8636,3,5,11,47900,23,548,158114680,18884970,296719,38.9100109,-77.0136727,M1,P,1702382,23,1,601723,209464,301053,1322,20818,216,54749,523711,82048
1211580,"Arcadia, FL Micro Area","Arcadia, Florida",FL,320,567754,3,5,12,11580,16,999,1649975818,6274597,14590,27.1976661,-81.8615685,M2,W,294478,0,2,34862,19549,4338,62,169,4,10425,28502,6126
1215980,"Cape Coral-Fort Myers, FL Metro Area","Cape Coral-Fort Myers, Florida",FL,320,567757,3,5,12,15980,20,999,2031879249,1108380339,371099,26.5932702,-81.8531102,M1,W,294478,0,1,618754,439048,47751,1292,8252,197,113308,530266,93889
1217500,"Clewiston, FL Micro Area","Clewiston, Florida",FL,320,567761,3,5,12,17500,16,999,2985609243,96465484,14564,26.6754952,-81.1959186,M2,W,294478,0,2,39140,13650,5057,580,275,11,19243,29349,9320
1218880,"Crestview-Fort Walton Beach-Destin, FL Metro Area","Crestview-Fort Walton Beach-Destin, Florida",FL,320,567764,3,5,12,18880,18,999,2409328778,393241055,92407,30.5959941,-86.5661045,M1,W,294478,0,1,180822,139500,16333,895,5189,330,12296,170333,13067
1219660,"Deltona-Daytona Beach-Ormond Beach, FL Metro Area","Deltona-Daytona Beach-Ormond Beach, Florida",FL,320,567769,3,5,12,19660,19,422,2851658690,858331481,254226,29.0539489,-81.112989,M1,W,294478,22,1,494593,372982,49548,1356,7368,166,55217,460161,35420
1223540,"Gainesville, FL Metro Area","Gainesville, Florida",FL,320,567774,3,5,12,23540,19,999,3171950085,257316189,120073,29.6812536,-82.4356969,M1,W,294478,0,1,264275,172348,50304,666,13157,123,21597,238159,26694
1226140,"Homosassa Springs, FL Micro Area","Homosassa Springs, Florida",FL,320,567778,3,5,12,26140,18,999,1506586255,496236304,78026,28.889406,-82.4695203,M2,W,294478,0,2,141236,126549,3767,418,1979,33,6584,133638,7167
1227260,"Jacksonville, FL Metro Area","Jacksonville, Florida",FL,320,567781,3,5,12,27260,21,999,8290752876,1288104361,598490,30.2266805,-81.6729998,M1,W,294478,0,1,1345596,885040,286768,4327,45412,1058,92879,1242250,106880
1228580,"Key West, FL Micro Area","Key West, Florida",FL,320,567788,3,5,12,28580,17,999,2546689189,7133453992,52764,24.7786501,-81.2288977,M2,W,294478,0,2,73090,52089,3851,247,782,60,15071,60251,13224
1229380,"Lake City, FL Micro Area","Lake City, Florida",FL,320,567791,3,5,12,29380,17,999,2065707648,9722658,28636,30.1698685,-82.6483576,M2,W,294478,0,2,67531,50475,11663,316,611,36,3276,65106,2440
1229460,"Lakeland-Winter Haven, FL Metro Area","Lakeland-Winter Haven, Florida",FL,320,567794,3,5,12,29460,20,999,4656375819,550925774,281214,27.9989517,-81.7559146,M1,W,294478,0,1,602095,388769,85336,1658,9567,238,106532,541056,63506
1233100,"Miami-Fort Lauderdale-Pompano Beach, FL Metro Area","Miami-Fort Lauderdale-Pompano Beach, Florida",FL,320,567798,3,5,12,33100,23,999,13150053279,2744844862,2464417,26.0806921,-80.2515425,M1,W,294478,0,1,5564635,1937939,1096536,7579,122082,1741,2312929,3462283,2136014
1234940,"Naples-Marco Island, FL Metro Area","Naples-Marco Island, Florida",FL,320,567819,3,5,12,34940,19,999,5175636190,794325489,197298,26.1567638,-81.6475733,M1,W,294478,0,1,321520,211156,19898,609,3390,72,83177,248908,74640
1235840,"North Port-Bradenton-Sarasota, FL Metro Area","North Port-Bradenton-Sarasota, Florida",FL,320,567823,3,5,12,35840,20,494,3363872943,826785936,401103,27.3076958,-82.4519925,M1,W,294478,20,1,702281,558928,44264,1275,10021,270,77988,620705,84608
1236100,"Ocala, FL Metro Area","Ocala, Florida",FL,320,567830,3,5,12,36100,19,999,4103955681,202185444,164050,29.1438933,-82.1121568,M1,W,294478,0,1,331298,245136,39337,983,4337,121,36137,304502,27485
1236380,"Okeechobee, FL Micro Area","Okeechobee, Florida",FL,320,567833,3,5,12,36380,16,999,1991462636,318565354,18509,27.2964167,-80.8429626,M2,W,294478,0,2,39996,26258,3117,287,345,25,9561,35104,4675
1236740,"Orlando-Kissimmee-Sanford, FL Metro Area","Orlando-Kissimmee-Sanford, Florida",FL,320,567836,3,5,12,36740,21,422,9009231940,1380306866,942312,28.5818015,-81.4695358,M1,W,294478,22,1,2134411,1136863,319695,5005,83167,1655,538856,1797685,349849
1237260,"Palatka, FL Micro Area","Palatka, Florida",FL,320,567844,3,5,12,37260,17,999,1884532662,257184021,37337,29.6185236,-81.758765,M2,W,294478,0,2,74364,53981,11842,271,444,36,6706,70495,3729
1237340,"Palm Bay-Melbourne-Titusville, FL Metro Area","Palm Bay-Melbourne-Titusville, Florida",FL,320,567847,3,5,12,37340,20,999,2630557912,1402040884,269864,28.2236819,-80.6867825,M1,W,294478,0,1,543376,421466,52677,1709,11098,385,43943,496409,47610
1237380,"Palm Coast, FL Metro Area","Palm Coast, Florida",FL,320,567852,3,5,12,37380,17,422,1257337716,221090860,48595,29.5079509,-81.2442472,M1,W,294478,22,1,95696,72860,10470,223,2020,47,8251,83281,12706
1237460,"Panama City-Lynn Haven-Panama City Beach, FL Metro Area","Panama City-Lynn Haven-Panama City Beach, Florida",FL,320,567855,3,5,12,37460,18,999,1964400618,711453131,99650,30.2299508,-85.6491377,M1,W,294478,0,1,168852,133790,17844,1033,3298,140,8107,160793,8164
1237860,"Pensacola-Ferry Pass-Brent, FL Metro Area","Pensacola-Ferry Pass-Brent, Florida",FL,320,567860,3,5,12,37860,19,999,4320270311,985273023,201463,30.589947,-87.2031195,M1,W,294478,0,1,448991,325627,75383,3578,10705,600,20568,427859,24091
1238940,"Port St. Lucie, FL Metro Area","Port St. Lucie, Florida",FL,320,567866,3,5,12,38940,19,442,2888846263,843159334,215160,27.2911296,-80.3339585,M1,W,294478,20,1,424107,287564,58866,912,5736,179,63876,368463,56280
1239460,"Punta Gorda, FL Metro Area","Punta Gorda, Florida",FL,320,567870,3,5,12,39460,18,494,1761913582,461075444,100632,26.9534944,-82.1320406,M1,W,294478,20,1,159978,137628,8622,348,1884,49,9213,144933,15447
1242680,"Sebastian-Vero Beach, FL Metro Area","Sebastian-Vero Beach, Florida",FL,320,567873,3,5,12,42680,18,442,1302431761,295606459,76346,27.6801764,-80.4513073,M1,W,294478,20,1,138028,106780,12074,277,1646,49,15465,123626,14577
1242700,"Sebring, FL Micro Area","Sebring, Florida",FL,320,567877,3,5,12,42700,17,999,2633020110,231596328,55386,27.4378321,-81.4223763,M2,W,294478,0,2,98786,69804,8750,375,1402,37,17157,88678,10056
1245220,"Tallahassee, FL Metro Area","Tallahassee, Florida",FL,320,567880,3,5,12,45220,19,999,6184107754,556537850,163078,30.4369849,-84.3023929,M1,W,294478,0,1,367413,211958,117966,981,8386,149,21342,345868,22474
1245300,"Tampa-St. Petersburg-Clearwater, FL Metro Area","Tampa-St. Petersburg-Clearwater, Florida",FL,320,567886,3,5,12,45300,22,999,6509771997,2118426745,1353158,28.0367839,-82.5452927,M1,W,294478,0,1,2783243,1879437,310357,6733,79501,1712,452208,2447569,346245
1245540,"The Villages, FL Micro Area","The Villages, Florida",FL,320,567895,3,5,12,45540,17,422,1416548738,85192294,53026,28.8051652,-82.0458975,M2,W,294478,22,2,93420,77338,8736,294,609,28,5582,88775,5465
1248100,"Wauchula, FL Micro Area","Wauchula, Florida",FL,320,567898,3,5,12,48100,16,999,1651849564,1439672,9722,27.5369677,-81.8144662,M2,W,294478,0,2,27731,13315,1877,91,294,8,11895,21654,5693
1310500,"Albany, GA Metro Area","Albany, Georgia",GA,320,337038,3,5,13,10500,18,999,5005299727,65798935,66060,31.5845006,-84.1493937,M1,W,1705317,0,1,157308,68820,81671,314,1455,77,3270,154395,3239
1311140,"Americus, GA Micro Area","Americus, Georgia",GA,320,337045,3,5,13,11140,16,999,1682463448,28164330,16117,32.0928595,-84.2284881,M2,W,1705317,0,2,37829,17025,18061,97,454,9,1878,36078,1310
1312020,"Athens-Clarke County, GA Metro Area","Athens-Clarke County, Georgia",GA,320,337049,3,5,13,12020,18,999,2654252197,26471841,81719,33.9660716,-83.2954776,M1,W,1705317,0,1,192541,130515,37182,268,6065,54,15313,178016,15293
1312060,"Atlanta-Sandy Springs-Marietta, GA Metro Area","Atlanta-Sandy Springs-Marietta, Georgia",GA,320,337055,3,5,13,12060,23,122,21596721304,369051968,2165495,33.7720558,-84.4000174,M1,W,1705317,23,1,5268860,2671757,1679979,10734,252510,2075,547400,4578080,713621
1312260,"Augusta-Richmond County, GA-SC Metro Area (part)","Augusta-Richmond County, Georgia",GA,320,337087,3,5,13,12260,20,999,4399985923,100289631,154141,33.3795899,-82.119303,M1,P,1705317,0,1,369793,190907,145579,1023,8146,594,15474,353858,16148
1312460,"Bainbridge, GA Micro Area","Bainbridge, Georgia",GA,320,337093,3,5,13,12460,16,999,1546584607,67412720,12125,30.8854645,-84.5759105,M2,W,1705317,0,2,27842,14615,11366,57,138,3,1404,27006,809
1315260,"Brunswick, GA Metro Area","Brunswick, Georgia",GA,320,337096,3,5,13,15260,18,999,3331797761,828613060,58022,31.2732609,-81.5564007,M1,W,1705317,0,1,112370,77516,26188,248,976,81,5696,107716,4310
1315660,"Calhoun, GA Micro Area","Calhoun, Georgia",GA,320,337101,3,5,13,15660,17,999,921538864,5787657,22278,34.4978714,-84.908059,M2,W,1705317,0,2,55186,44107,1945,130,522,49,7738,49837,5355
1316340,"Cedartown, GA Micro Area","Cedartown, Georgia",GA,320,337104,3,5,13,16340,16,122,803754838,4686006,16908,34.0198054,-85.1667605,M2,W,1705317,23,2,41475,30492,5150,73,270,16,4885,38081,3269
1316860,"Chattanooga, TN-GA Metro Area (part)","Chattanooga, Georgia",GA,320,337107,3,5,13,16860,20,174,2026717439,2915777,64011,34.8534287,-85.3087938,M1,P,1705317,20,1,149331,138288,4307,426,1167,65,2874,146804,2483
1317980,"Columbus, GA-AL Metro Area (part)","Columbus, Georgia",GA,320,337111,3,5,13,17980,19,194,3354017332,45623119,103619,32.5046414,-84.8712783,M1,P,1705317,19,1,241918,119927,95460,806,4649,470,14950,232340,11340
1318380,"Cordele, GA Micro Area","Cordele, Georgia",GA,320,337117,3,5,13,18380,15,999,705987965,21672328,10734,31.937496,-83.769151,M2,W,1705317,0,2,23439,12216,10033,24,183,6,748,23098,362
1318460,"Cornelia, GA Micro Area","Cornelia, Georgia",GA,320,337120,3,5,13,18460,16,999,716752092,5919798,18146,34.5715064,-83.5366419,M2,W,1705317,0,2,43041,34621,1412,81,955,47,5333,39428,3610
1319140,"Dalton, GA Metro Area","Dalton, Georgia",GA,320,337123,3,5,13,19140,18,999,1644460784,7218234,55878,34.7917325,-84.925692,M1,W,1705317,0,1,142227,97484,3843,274,1402,30,37625,120369,21418
1320060,"Douglas, GA Micro Area","Douglas, Georgia",GA,320,337127,3,5,13,20060,17,999,2368489473,84705089,20583,31.4946732,-82.8466501,M2,W,1705317,0,2,50731,30683,12655,118,319,23,6391,47210,3711
1320140,"Dublin, GA Micro Area","Dublin, Georgia",GA,320,337131,3,5,13,20140,17,999,2875679599,38220868,25488,32.5363047,-82.8729419,M2,W,1705317,0,2,58414,35139,20729,104,500,7,1329,57148,1097
1321640,"Eufaula, AL-GA Micro Area (part)","Eufaula, Georgia",GA,320,337135,3,5,13,21640,16,999,391703085,24158294,2047,31.8610417,-85.0323264,M2,P,1705317,0,2,2513,1265,1198,3,2,0,34,2536,6
1322340,"Fitzgerald, GA Micro Area","Fitzgerald, Georgia",GA,320,337137,3,5,13,22340,16,999,1565553131,31614656,11975,31.6675327,-83.2639686,M2,W,1705317,0,2,27172,16883,8546,49,181,2,1254,26746,512
1322980,"Fort Valley, GA Micro Area","Fort Valley, Georgia",GA,320,337141,3,5,13,22980,16,356,389190656,2676298,11050,32.5787694,-83.8240664,M2,W,1705317,19,2,27695,12499,12647,59,222,8,1890,25769,1762
1323580,"Gainesville, GA Metro Area","Gainesville, Georgia",GA,320,337144,3,5,13,23580,18,122,1017300166,94568081,68825,34.2933437,-83.8444684,M1,W,1705317,23,1,179684,114300,12757,372,3181,57,46906,152569,28262
1325980,"Hinesville-Fort Stewart, GA Metro Area","Hinesville-Fort Stewart, Georgia",GA,320,337147,3,5,13,25980,17,496,2305334043,301076438,32770,31.8263986,-81.6075778,M1,W,1705317,19,1,77917,35576,29559,363,1292,415,7937,74474,4677
1327700,"Jesup, GA Micro Area","Jesup, Georgia",GA,320,337152,3,5,13,27700,16,999,1662194319,18179669,12199,31.5788338,-81.9102001,M2,W,1705317,0,2,30099,21749,5928,82,160,6,1719,29177,980
1329300,"LaGrange, GA Micro Area","LaGrange, Georgia",GA,320,337155,3,5,13,29300,17,122,1072223976,82812028,28046,33.0291005,-85.03816,M2,W,1705317,23,2,67044,40408,22319,134,1054,21,2170,64459,2687
1331420,"Macon, GA Metro Area","Macon, Georgia",GA,320,337158,3,5,13,31420,18,356,4461614946,38958651,101587,32.8575861,-83.6843148,M1,W,1705317,19,1,232293,119766,100479,491,2933,83,5664,225259,7000
1333300,"Milledgeville, GA Micro Area","Milledgeville, Georgia",GA,320,337165,3,5,13,33300,17,999,1889873339,42494364,25519,33.1557924,-83.14933,M2,W,1705317,0,2,55149,26916,25825,106,627,19,1058,54355,1445
1334220,"Moultrie, GA Micro Area","Moultrie, Georgia",GA,320,337169,3,5,13,34220,16,999,1409350694,32337972,18311,31.1860473,-83.7799546,M2,W,1705317,0,2,45498,26759,10143,100,289,12,7763,40687,4844
1340660,"Rome, GA Metro Area","Rome, Georgia",GA,320,337172,3,5,13,40660,17,999,1320662374,22156077,40551,34.2579604,-85.1963263,M1,W,1705317,0,1,96317,70959,13494,194,1225,56,8987,89836,6368
1341220,"St. Marys, GA Micro Area","St. Marys, Georgia",GA,320,337175,3,5,13,41220,17,999,1587727882,437293017,21114,30.8720641,-81.6405367,M2,W,1705317,0,2,50513,35977,9621,230,706,70,2590,49334,1101
1342340,"Savannah, GA Metro Area","Savannah, Georgia",GA,320,337178,3,5,13,42340,19,496,3470849968,594520667,151049,32.0857588,-81.1988819,M1,W,1705317,19,1,347611,199249,116466,803,7127,262,17207,330016,19147
1344340,"Statesboro, GA Micro Area","Statesboro, Georgia",GA,320,337183,3,5,13,44340,17,999,1742568254,40963315,28794,32.4093992,-81.7764941,M2,W,1705317,0,2,70217,46251,19252,142,1013,58,2439,67713,2647
1344900,"Summerville, GA Micro Area","Summerville, Georgia",GA,320,337186,3,5,13,44900,16,999,811541767,570807,10977,34.4817941,-85.3522422,M2,W,1705317,0,2,26015,21589,2886,48,108,2,1043,25100,805
1345580,"Thomaston, GA Micro Area","Thomaston, Georgia",GA,320,337189,3,5,13,45580,16,122,837697129,10663300,12161,32.8947032,-84.315803,M2,W,1705317,23,2,27153,18522,7544,61,124,3,588,26606,455
1345620,"Thomasville, GA Micro Area","Thomasville, Georgia",GA,320,337192,3,5,13,45620,16,999,1410495980,19742306,20177,30.8696607,-83.9554262,M2,W,1705317,0,2,44720,26081,16416,166,306,7,1275,43721,994
1345700,"Tifton, GA Micro Area","Tifton, Georgia",GA,320,337195,3,5,13,45700,16,999,670585617,25574884,16434,31.4600482,-83.5229106,M2,W,1705317,0,2,40118,23555,11549,72,507,8,4037,38217,2213
1345740,"Toccoa, GA Micro Area","Toccoa, Georgia",GA,320,337198,3,5,13,45740,16,999,463948106,13121977,12662,34.5566689,-83.2876215,M2,W,1705317,0,2,26175,22006,2821,68,175,13,633,25391,612
1346660,"Valdosta, GA Metro Area","Valdosta, Georgia",GA,320,337201,3,5,13,46660,18,999,4116184014,102606025,57434,30.8597894,-83.2634697,M1,W,1705317,0,1,139588,80113,47040,446,1725,101,7735,134200,5686
1347080,"Vidalia, GA Micro Area","Vidalia, Georgia",GA,320,337207,3,5,13,47080,16,999,1563130750,31487517,16065,32.1732513,-82.4286285,M2,W,1705317,0,2,36346,23031,9088,43,225,15,3535,34505,1819
1347580,"Warner Robins, GA Metro Area","Warner Robins, Georgia",GA,320,337211,3,5,13,47580,18,356,972645761,11344823,58325,32.5326265,-83.6698267,M1,W,1705317,19,1,139900,84703,39535,392,3360,96,8515,133117,7582
1348180,"Waycross, GA Micro Area","Waycross, Georgia",GA,320,337214,3,5,13,48180,17,999,3131177116,109461792,24312,31.2645038,-82.341115,M2,W,1705317,0,2,55070,39443,12308,167,336,19,2094,53053,1677
2114540,"Bowling Green, KY Metro Area","Bowling Green, Kentucky",KY,320,191384,3,6,21,14540,18,999,2187202265,28709310,53690,37.0101816,-86.4005218,M1,W,1779786,0,1,125953,104540,10370,310,3176,114,5274,117340,8588
2115820,"Campbellsville, KY Micro Area","Campbellsville, Kentucky",KY,320,191388,3,6,21,15820,15,999,689784222,27170078,10864,37.3522031,-85.3454743,M2,W,1779786,0,2,24512,22329,1210,29,128,10,433,24159,355
2116420,"Central City, KY Micro Area","Central City, Kentucky",KY,320,191391,3,6,21,16420,16,999,1209728681,31912449,13699,37.2421511,-87.1353019,M2,W,1779786,0,2,31499,29301,1417,46,43,4,367,31178,221
2117140,"Cincinnati-Middletown, OH-KY-IN Metro Area (part)","Cincinnati-Middletown, Kentucky",KY,320,191394,3,6,21,17140,21,178,3625685646,95039104,178559,38.931164,-84.5285568,M1,P,1779786,21,1,425483,389060,12806,626,4750,266,11113,413763,12143
2117300,"Clarksville, TN-KY Metro Area (part)","Clarksville, Kentucky",KY,320,191402,3,6,21,17300,19,999,3001631556,120267081,37269,36.8269454,-87.6178122,M1,P,1779786,0,1,88294,63384,16616,368,772,275,4716,85426,2578
2118340,"Corbin, KY Micro Area","Corbin, Kentucky",KY,320,191405,3,6,21,18340,16,202,1133973877,18877541,15166,36.7915253,-84.1269713,M2,W,1779786,17,2,35637,34521,205,93,123,11,310,35462,294
2119220,"Danville, KY Micro Area","Danville, Kentucky",KY,320,191408,3,6,21,19220,17,999,1331936098,12884369,23131,37.5524134,-84.7434461,M2,W,1779786,0,2,53174,48108,2666,86,250,8,1168,52273,843
2121060,"Elizabethtown, KY Metro Area","Elizabethtown, Kentucky",KY,320,191412,3,6,21,21060,18,350,2291613567,23225721,49433,37.7190943,-85.8857206,M1,W,1779786,21,1,119736,95235,12319,517,2092,335,5718,113913,4775
2121780,"Evansville, IN-KY Metro Area (part)","Evansville, Kentucky",KY,320,191416,3,6,21,21780,19,999,1990696433,86305875,26256,37.6872899,-87.6075972,M1,P,1779786,0,1,59871,53006,4121,102,228,41,1438,59144,728
2123180,"Frankfort, KY Micro Area","Frankfort, Kentucky",KY,320,191419,3,6,21,23180,17,336,1060803691,17352167,32291,38.1392434,-84.894881,M2,W,1779786,20,2,70706,61340,5505,111,796,10,1662,69079,1762
2123980,"Glasgow, KY Micro Area","Glasgow, Kentucky",KY,320,191423,3,6,21,23980,17,999,2012902972,36267327,23869,36.9841042,-85.8684585,M2,W,1779786,0,2,52272,48327,1770,73,193,5,1225,51658,645
2126580,"Huntington-Ashland, WV-KY-OH Metro Area (part)","Huntington-Ashland, Kentucky",KY,320,191427,3,6,21,26580,19,999,1306029658,31625342,38133,38.492605,-82.7505997,M1,P,1779786,0,1,86452,82215,1629,185,406,4,998,85316,964
2130460,"Lexington-Fayette, KY Metro Area","Lexington-Fayette, Kentucky",KY,320,191431,3,6,21,30460,19,336,3803391352,40844381,209138,38.0653885,-84.4681297,M1,W,1779786,20,1,472099,372839,50352,922,10701,145,27760,441344,31630
2130940,"London, KY Micro Area","London, Kentucky",KY,320,191439,3,6,21,30940,17,202,1123932843,25231550,25446,37.101318,-84.0983847,M2,W,1779786,17,2,58849,56732,405,145,286,2,717,58161,730
2131140,"Louisville/Jefferson County, KY-IN Metro Area (part)","Louisville/Jefferson County, Kentucky",KY,320,191442,3,6,21,31140,21,350,6712812445,196314298,451339,38.1788324,-85.6183405,M1,P,1779786,21,1,1031130,786166,162286,2216,18082,535,42181,978178,54052
2131580,"Madisonville, KY Micro Area","Madisonville, Kentucky",KY,320,191453,3,6,21,31580,16,999,1403760753,32168048,21180,37.3008198,-87.5316428,M2,W,1779786,0,2,46920,41940,3069,56,257,15,734,46355,536
2132460,"Mayfield, KY Micro Area","Mayfield, Kentucky",KY,320,191456,3,6,21,32460,16,424,1429006936,13066620,16777,36.737402,-88.6432816,M2,W,1779786,18,2,37121,32608,1597,70,124,11,2099,35783,1417
2132500,"Maysville, KY Micro Area","Maysville, Kentucky",KY,320,191459,3,6,21,32500,16,999,1872467721,48771129,14586,38.5884175,-83.5387828,M2,W,1779786,0,2,31360,29336,1152,60,107,1,326,31139,245
2133180,"Middlesborough, KY Micro Area","Middlesborough, Kentucky",KY,320,191463,3,6,21,33180,16,999,929806795,5480870,13154,36.697672,-83.6961998,M2,W,1779786,0,2,28691,27297,633,48,77,3,198,28521,92
2134460,"Mount Sterling, KY Micro Area","Mount Sterling, Kentucky",KY,320,191466,3,6,21,34460,16,336,1760525045,23447474,20848,38.050894,-83.795227,M2,W,1779786,20,2,44396,41901,976,64,107,8,868,44125,388
2134660,"Murray, KY Micro Area","Murray, Kentucky",KY,320,191471,3,6,21,34660,16,999,997200826,66497839,18065,36.6153776,-88.2756837,M2,W,1779786,0,2,37191,33672,1375,67,650,7,890,35786,1412
2136980,"Owensboro, KY Metro Area","Owensboro, Kentucky",KY,320,191474,3,6,21,36980,18,999,2327034059,86042670,49450,37.7287651,-87.0776437,M1,W,1779786,0,1,114752,104565,4706,149,699,47,2725,112881,1972
2137140,"Paducah, KY-IL Micro Area (part)","Paducah, Kentucky",KY,320,191479,3,6,21,37140,17,424,2094082463,195968193,39788,37.0726195,-88.6452661,M2,P,1779786,18,2,83333,72030,7433,161,552,17,1596,81799,1506
2140080,"Richmond-Berea, KY Micro Area","Richmond-Berea, Kentucky",KY,320,191484,3,6,21,40080,17,336,1952430040,19465548,42746,37.6246521,-84.297998,M2,W,1779786,20,2,99972,91708,3584,266,766,31,1916,98475,1789
2143700,"Somerset, KY Micro Area","Somerset, Kentucky",KY,320,191489,3,6,21,43700,17,999,1705268187,48553203,31443,37.0892986,-84.6042922,M2,W,1779786,0,2,63063,59943,705,128,289,13,1318,62257,788
2146460,"Union City, TN-KY Micro Area (part)","Union City, Kentucky",KY,320,191492,3,6,21,46460,16,542,532251963,65047499,3372,36.5386867,-89.0637962,M2,P,1779786,17,2,6813,4973,1607,17,45,2,53,6698,60
2210020,"Abbeville, LA Micro Area","Abbeville, Louisiana",LA,320,243410,3,7,22,10020,17,318,3038572441,955369492,25235,29.9621006,-92.2219671,M2,W,1629543,20,2,57999,46305,8246,195,1148,4,1381,56500,1541
2210780,"Alexandria, LA Metro Area","Alexandria, Louisiana",LA,320,243413,3,7,22,10780,18,999,5078935287,169184339,64570,31.3441854,-92.5027326,M1,W,1629543,0,1,153922,98984,45378,1173,1598,34,4349,150300,3404
2212820,"Bastrop, LA Micro Area","Bastrop, Louisiana",LA,320,243417,3,7,22,12820,16,384,2058870285,28878807,12423,32.7987376,-91.8571054,M2,W,1629543,18,2,27979,14251,13078,36,98,12,255,27782,111
2212940,"Baton Rouge, LA Metro Area","Baton Rouge, Louisiana",LA,320,243420,3,7,22,12940,20,132,10429665412,485915779,329729,30.4737831,-91.1007163,M1,W,1629543,20,1,802484,465308,284561,1922,14222,178,27357,774388,28001
2214220,"Bogalusa, LA Micro Area","Bogalusa, Louisiana",LA,320,243431,3,7,22,14220,16,406,1734061145,16471724,21039,30.8270675,-89.9773968,M2,W,1629543,21,2,47168,31019,14561,121,108,3,887,46607,418
2218940,"Crowley, LA Micro Area","Crowley, Louisiana",LA,320,243434,3,7,22,18940,17,318,1696750566,6048801,25387,30.2654196,-92.3658524,M2,W,1629543,20,2,61773,48555,11133,155,137,5,1060,60947,664
2219760,"DeRidder, LA Micro Area","DeRidder, Louisiana",LA,320,243437,3,7,22,19760,16,256,2997501973,21999317,15040,30.7038954,-93.3292634,M2,W,1629543,17,2,35654,28730,4597,326,217,16,1003,34981,681
2222860,"Fort Polk South, LA Micro Area","Fort Polk South, Louisiana",LA,320,243440,3,7,22,22860,17,256,3439271369,35158568,21433,31.1028407,-93.18833,M2,W,1629543,17,2,52334,37794,7280,684,881,242,3775,49679,1863
2225220,"Hammond, LA Micro Area","Hammond, Louisiana",LA,320,243443,3,7,22,25220,18,999,2049391733,82862999,50073,30.6054879,-90.4601015,M2,W,1629543,0,2,121097,77807,36485,355,714,35,4260,118668,2541
2226380,"Houma-Bayou Cane-Thibodaux, LA Metro Area","Houma-Bayou Cane-Thibodaux, Louisiana",LA,320,243446,3,7,22,26380,18,999,5957048080,3253932353,82469,29.5480857,-90.6472959,M1,W,1629543,0,1,208178,151869,33725,8849,1834,66,8068,202311,5808
2227660,"Jennings, LA Micro Area","Jennings, Louisiana",LA,320,243452,3,7,22,27660,16,324,1686931782,18718325,13306,30.2689105,-92.7838355,M2,W,1629543,18,2,31594,24835,5450,146,62,3,538,31284,245
2229180,"Lafayette, LA Metro Area","Lafayette, Louisiana",LA,320,243455,3,7,22,29180,19,318,2606478885,205467531,115597,30.1993921,-91.9357674,M1,W,1629543,20,1,273738,182803,72589,897,3686,60,9668,264014,9931
2229340,"Lake Charles, LA Metro Area","Lake Charles, Louisiana",LA,320,243459,3,7,22,29340,18,324,6082706418,1767400144,85651,30.1609906,-93.2808016,M1,W,1629543,18,1,199607,140168,47609,869,2058,76,5099,195009,4232
2233380,"Minden, LA Micro Area","Minden, Louisiana",LA,320,243463,3,7,22,33380,16,508,1535939758,56487776,19336,32.7007894,-93.3510959,M2,W,1629543,19,2,41207,26067,13756,138,116,8,670,40866,290
2233740,"Monroe, LA Metro Area","Monroe, Louisiana",LA,320,243466,3,7,22,33740,18,384,3852334076,128876121,75827,32.6116111,-92.1998085,M1,W,1629543,18,1,176441,106971,62099,400,1460,57,3703,173481,2904
2234020,"Morgan City, LA Micro Area","Morgan City, Louisiana",LA,320,243470,3,7,22,34020,17,999,1438424557,1460866962,23028,29.7287385,-91.3944712,M2,W,1629543,0,2,54650,31267,17648,933,935,11,2920,52185,2100
2235020,"Natchez, MS-LA Micro Area (part)","Natchez, Louisiana",LA,320,243473,3,7,22,35020,17,999,1805014057,130488156,9383,31.5663557,-91.5722487,M2,P,1629543,0,2,20822,11829,8503,62,49,4,209,20485,139
2235060,"Natchitoches, LA Micro Area","Natchitoches, Louisiana",LA,320,243475,3,7,22,35060,16,999,3243311940,121063646,18587,31.740787,-93.0863596,M2,W,1629543,0,2,39566,21109,16296,340,134,8,735,39031,403
2235340,"New Iberia, LA Micro Area","New Iberia, Louisiana",LA,320,243478,3,7,22,35340,17,318,1486940445,1182115443,29698,29.9644251,-91.7962873,M2,W,1629543,20,2,73240,44502,23280,252,1745,18,2299,70841,2686
2235380,"New Orleans-Metairie-Kenner, LA Metro Area","New Orleans-Metairie-Kenner, Louisiana",LA,320,243481,3,7,22,35380,21,406,7666850448,12077560479,538239,30.0158366,-90.0393986,M1,W,1629543,21,1,1167764,628878,392586,4304,31490,362,91922,1084842,81125
2236660,"Opelousas-Eunice, LA Micro Area","Opelousas-Eunice, Louisiana",LA,320,243492,3,7,22,36660,17,318,2392836670,39114892,35692,30.547224,-92.0873358,M2,W,1629543,20,2,83384,46025,34295,263,314,4,1321,83108,666
2238200,"Pierre Part, LA Micro Area","Pierre Part, Louisiana",LA,320,243496,3,7,22,38200,15,132,877120860,67008877,10351,29.913502,-91.048629,M2,W,1629543,20,2,23421,15442,7111,132,56,11,498,23042,279
2240820,"Ruston, LA Micro Area","Ruston, Louisiana",LA,320,243499,3,7,22,40820,17,999,2695984196,30630508,27159,32.4478311,-92.630493,M2,W,1629543,0,2,63009,36302,23689,143,814,19,1398,60397,2356
2243340,"Shreveport-Bossier City, LA Metro Area","Shreveport-Bossier City, Louisiana",LA,320,243503,3,7,22,43340,19,508,6718882148,270542009,173669,32.459727,-93.7683349,M1,W,1629543,19,1,398604,218052,154344,1689,4563,281,13816,388546,10861
2245260,"Tallulah, LA Micro Area","Tallulah, Louisiana",LA,320,243509,3,7,22,45260,14,999,1617283455,68538668,4804,32.384331,-91.1901017,M2,W,1629543,0,2,12093,4396,7357,23,26,0,188,12079,34
2412580,"Baltimore-Towson, MD Metro Area","Baltimore-Towson, Maryland",MD,320,177762,3,5,24,12580,22,548,6737801281,1304173592,1132251,39.3127154,-76.6170253,M1,W,1714934,23,1,2710489,1626199,769641,6782,122153,1174,123754,2467407,248243
2415700,"Cambridge, MD Micro Area","Cambridge, Maryland",MD,320,177772,3,5,24,15700,16,999,1400575316,1145393243,16554,38.5290556,-75.9916105,M2,W,1714934,0,2,32618,21581,8937,99,299,8,1130,31328,1242
2419060,"Cumberland, MD-WV Metro Area (part)","Cumberland, Maryland",MD,320,177775,3,5,24,19060,18,999,1098563627,14954037,33311,39.6144171,-78.7965575,M1,P,1714934,0,1,75087,66195,5959,90,566,26,1085,73304,1341
2420660,"Easton, MD Micro Area","Easton, Maryland",MD,320,177778,3,5,24,20660,16,999,695511159,539409159,19577,38.7661335,-76.1195728,M2,W,1714934,0,2,37782,29829,4778,48,463,16,2073,35801,1945
2425180,"Hagerstown-Martinsburg, MD-WV Metro Area (part)","Hagerstown-Martinsburg, Maryland",MD,320,177781,3,5,24,25180,19,999,1185644157,24769174,60814,39.616015,-77.768984,M1,P,1714934,0,1,147430,122748,13836,244,2042,61,5104,141180,6702
2430500,"Lexington Park, MD Micro Area","Lexington Park, Maryland",MD,320,177784,3,5,24,30500,18,548,925092041,1054309969,41282,38.2751615,-76.5870921,M2,W,1714934,23,2,105151,80402,14831,339,2552,64,3972,101529,3999
2436180,"Ocean Pines, MD Micro Area","Ocean Pines, Maryland",MD,320,177787,3,5,24,36180,17,480,1212841011,586834971,55749,38.2693893,-75.2736918,M2,W,1714934,18,2,51454,41331,6973,126,569,10,1622,48978,2420
2437980,"Philadelphia-Camden-Wilmington, PA-NJ-DE-MD Metro Area (part)","Philadelphia-Camden-Wilmington, Maryland",MD,320,177790,3,5,24,37980,23,428,896842957,185350813,41103,39.5935563,-75.9510362,M1,P,1714934,23,1,101108,88348,6080,246,1078,43,3407,97941,3168
2441540,"Salisbury, MD Metro Area","Salisbury, Maryland",MD,320,177794,3,5,24,41540,18,480,1797883733,819533933,52322,38.2884796,-75.6610422,M1,W,1714934,18,1,125203,79563,34616,281,2643,23,5341,116748,8594
2447900,"Washington-Arlington-Alexandria, DC-VA-MD-WV Metro Area (part)","Washington-Arlington-Alexandria, Maryland",MD,320,177798,3,5,24,47900,23,548,5970096389,922384263,882966,38.9822031,-77.0229279,M1,P,1714934,23,1,2303870,930848,800756,5405,183910,975,320201,1794278,516138
2815020,"Brookhaven, MS Micro Area","Brookhaven, Mississippi",MS,320,199835,3,6,28,15020,16,999,1518030804,5334341,15255,31.5465247,-90.4505615,M2,W,1779790,0,2,34869,23702,10400,63,117,8,330,34570,280
2817260,"Clarksdale, MS Micro Area","Clarksdale, Mississippi",MS,320,199838,3,6,28,17260,16,999,1430818231,79539470,10792,34.2340109,-90.5682247,M2,W,1779790,0,2,26151,5918,19698,20,114,4,293,25859,240
2817380,"Cleveland, MS Micro Area","Cleveland, Mississippi",MS,320,199841,3,6,28,17380,16,999,2270314566,75742120,14070,33.7877762,-90.8390738,M2,W,1779790,0,2,34145,11241,21839,38,186,10,639,33972,267
2818060,"Columbus, MS Micro Area","Columbus, Mississippi",MS,320,199844,3,6,28,18060,17,200,1309262931,28374834,26556,33.5132318,-88.4251153,M2,W,1779790,17,2,59779,31847,25904,98,394,31,914,58700,884
2818420,"Corinth, MS Micro Area","Corinth, Mississippi",MS,320,199847,3,6,28,18420,16,999,1036092671,3425827,17077,34.9026262,-88.5414809,M2,W,1779790,0,2,37057,31313,4209,62,116,5,1010,36488,539
2824740,"Greenville, MS Micro Area","Greenville, Mississippi",MS,320,199850,3,6,28,24740,17,999,1877071141,94495559,21708,33.3472815,-90.959344,M2,W,1779790,0,2,51137,13654,36348,56,291,6,529,50301,709
2824900,"Greenwood, MS Micro Area","Greenwood, Mississippi",MS,320,199853,3,6,28,24900,16,999,3161809018,52273954,18251,33.521188,-90.1846763,M2,W,1779790,0,2,42914,14857,26690,54,202,2,849,41736,1013
2824980,"Grenada, MS Micro Area","Grenada, Mississippi",MS,320,199857,3,6,28,24980,15,999,1093251406,70698555,10155,33.7713649,-89.8010365,M2,W,1779790,0,2,21906,12350,9106,33,60,0,197,21784,102
2825060,"Gulfport-Biloxi, MS Metro Area","Gulfport-Biloxi, Mississippi",MS,320,199860,3,6,28,25060,18,274,3867440119,1252312061,114182,30.4507578,-89.1756857,M1,W,1779790,19,1,248820,177475,47445,998,5731,252,11622,239404,10407
2825620,"Hattiesburg, MS Metro Area","Hattiesburg, Mississippi",MS,320,199866,3,6,28,25620,18,999,4171489449,26539805,61878,31.2466303,-89.2720463,M1,W,1779790,0,1,142842,95576,40239,293,1163,52,3961,139764,3411
2826940,"Indianola, MS Micro Area","Indianola, Mississippi",MS,320,199871,3,6,28,26940,16,999,1807175516,23758961,9685,33.5676291,-90.5864772,M2,W,1779790,0,2,29450,7410,21362,47,82,10,404,29097,133
2827140,"Jackson, MS Metro Area","Jackson, Mississippi",MS,320,199874,3,6,28,27140,20,298,9650657092,178585258,222584,32.235465,-90.1531446,M1,W,1779790,20,1,539057,260512,256133,780,5621,175,11391,527971,12781
2829860,"Laurel, MS Micro Area","Laurel, Mississippi",MS,320,199881,3,6,28,29860,17,999,3550971846,15906454,36636,31.7471648,-89.1610961,M2,W,1779790,0,2,84823,52287,28020,302,318,7,3335,82523,2378
2832620,"McComb, MS Micro Area","McComb, Mississippi",MS,320,199885,3,6,28,32620,17,999,2950293889,8225967,24496,31.2147808,-90.5802697,M2,W,1779790,0,2,53535,26080,26136,133,241,3,599,52948,491
2832820,"Memphis, TN-MS-AR Metro Area (part)","Memphis, Mississippi",MS,320,199889,3,6,28,32820,21,999,5288144959,146881319,92265,34.7835542,-89.9627693,M1,P,1779790,0,1,238060,153291,69110,486,2210,89,10162,230755,7096
2832940,"Meridian, MS Micro Area","Meridian, Mississippi",MS,320,199894,3,6,28,32940,18,999,5597923802,37147633,47296,32.3597354,-88.6861278,M2,W,1779790,0,2,107449,57651,46180,584,608,18,1632,105532,1751
2835020,"Natchez, MS-LA Micro Area (part)","Natchez, Mississippi",MS,320,199899,3,6,28,35020,17,999,1197628202,65113803,14656,31.5229663,-91.3436165,M2,P,1779790,0,2,32297,12485,17150,76,126,3,2150,31435,956
2837060,"Oxford, MS Micro Area","Oxford, Mississippi",MS,320,199902,3,6,28,37060,16,999,1636116444,123022249,22729,34.355747,-89.5147392,M2,W,1779790,0,2,47351,33538,11155,87,1003,16,1073,46176,1410
2837700,"Pascagoula, MS Metro Area","Pascagoula, Mississippi",MS,320,199905,3,6,28,37700,18,274,3111772772,843265035,69397,30.5475631,-88.6301022,M1,W,1779790,19,1,162246,117679,31589,589,3038,68,6831,156395,5614
2838100,"Picayune, MS Micro Area","Picayune, Mississippi",MS,320,199909,3,6,28,38100,17,999,2100125644,20836787,23968,30.7039868,-89.6212096,M2,W,1779790,0,2,55834,45911,6853,281,222,31,1636,55074,812
2844260,"Starkville, MS Micro Area","Starkville, Mississippi",MS,320,199912,3,6,28,44260,16,999,1186733896,9665139,20947,33.4446095,-88.8500389,M2,W,1779790,0,2,47671,27825,17356,83,1151,12,683,46148,1338
2846180,"Tupelo, MS Micro Area","Tupelo, Mississippi",MS,320,199915,3,6,28,46180,18,999,3834288288,36826800,58438,34.2738814,-88.6847864,M2,W,1779790,0,2,136268,101875,27980,211,621,29,4140,134064,2495
2846980,"Vicksburg, MS Micro Area","Vicksburg, Mississippi",MS,320,199920,3,6,28,46980,16,999,1524210117,77836802,21896,32.3382073,-90.8582817,M2,W,1779790,0,2,48773,24143,22836,106,412,10,896,47563,856
2848500,"West Point, MS Micro Area","West Point, Mississippi",MS,320,199923,3,6,28,48500,15,200,1062093753,15355523,9180,33.6318679,-88.7061171,M2,W,1779790,17,2,20634,8276,11977,27,45,2,199,20589,44
2849540,"Yazoo City, MS Micro Area","Yazoo City, Mississippi",MS,320,199926,3,6,28,49540,16,298,2390421148,29316416,10074,32.8052286,-90.3721185,M2,W,1779790,20,2,28065,10477,15893,59,124,4,1301,27043,1177
3710620,"Albemarle, NC Micro Area","Albemarle, North Carolina",NC,320,360000,3,5,37,10620,17,172,1023267267,25262146,27110,35.3203118,-80.2443399,M2,W,1027616,21,2,60585,49877,6590,175,1108,10,2166,58744,1745
3711700,"Asheville, NC Metro Area","Asheville, North Carolina",NC,320,360003,3,5,37,11700,19,120,5265449402,21840719,213637,35.5441049,-82.6255859,M1,W,1027616,19,1,424858,366448,18976,1409,3664,452,27100,401283,23936
3714380,"Boone, NC Micro Area","Boone, North Carolina",NC,320,360009,3,5,37,14380,17,999,809515805,2322130,32137,36.216501,-81.7014399,M2,W,1027616,0,2,51079,47268,855,117,467,13,1713,49339,1764
3714820,"Brevard, NC Micro Area","Brevard, North Carolina",NC,320,360012,3,5,37,14820,16,120,980383414,5140678,19163,35.2025244,-82.7553297,M2,W,1027616,19,2,33090,30049,1279,93,143,8,964,31968,857
3715500,"Burlington, NC Metro Area","Burlington, North Carolina",NC,320,360015,3,5,37,15500,18,268,1098007863,27957457,66576,36.0705494,-79.4127235,M1,W,1027616,21,1,151131,101718,27985,542,1806,55,16639,140141,11029
3716740,"Charlotte-Gastonia-Rock Hill, NC-SC Metro Area (part)","Charlotte-Gastonia-Rock Hill, North Carolina",NC,320,360018,3,5,37,16740,21,172,6227860262,120448948,643579,35.2200864,-80.775473,M1,P,1027616,21,1,1531965,911650,371876,4800,51437,684,162691,1368984,170892
3720380,"Dunn, NC Micro Area","Dunn, North Carolina",NC,320,360027,3,5,37,20380,18,450,1541008895,16360689,46731,35.363448,-78.7750328,M2,W,1027616,21,2,114678,73707,23591,991,983,126,12359,108769,6790
3720500,"Durham-Chapel Hill, NC Metro Area","Durham-Chapel Hill, North Carolina",NC,320,360030,3,5,37,20500,20,450,4554338615,141837700,222760,36.0054283,-79.0258028,M1,W,1027616,21,1,504357,278907,134853,1512,21985,189,56915,443547,62912
3721020,"Elizabeth City, NC Micro Area","Elizabeth City, North Carolina",NC,320,360037,3,5,37,21020,17,999,1850612218,554494518,27923,36.2782935,-76.295212,M2,W,1027616,0,2,64094,40080,19883,195,630,20,2143,62103,1827
3722180,"Fayetteville, NC Metro Area","Fayetteville, North Carolina",NC,320,360042,3,5,37,22180,19,999,2701509819,19695445,153735,35.0459684,-78.9776991,M1,W,1027616,0,1,366383,169891,129331,8968,7352,1202,36013,345796,20901
3722580,"Forest City, NC Micro Area","Forest City, North Carolina",NC,320,360046,3,5,37,22580,17,999,1461144059,4399859,33878,35.3658564,-81.9204774,M2,W,1027616,0,2,67810,57054,6804,156,289,5,2397,65694,1752
3724140,"Goldsboro, NC Metro Area","Goldsboro, North Carolina",NC,320,360049,3,5,37,24140,18,999,1432488557,9752596,52949,35.3672318,-77.9933063,M1,W,1027616,0,1,122623,68216,38107,333,1405,47,12162,114150,8269
3724660,"Greensboro-High Point, NC Metro Area","Greensboro-High Point, North Carolina",NC,320,360052,3,5,37,24660,20,268,5163845659,67109751,322754,36.0479316,-79.8240862,M1,W,1027616,21,1,723801,449177,182490,3052,20888,257,54683,664974,59434
3724780,"Greenville, NC Metro Area","Greenville, North Carolina",NC,320,360058,3,5,37,24780,18,999,2377355374,8604171,83203,35.5707184,-77.4382455,M1,W,1027616,0,1,189510,106076,64715,572,2628,73,12256,179491,9846
3725780,"Henderson, NC Micro Area","Henderson, North Carolina",NC,320,360062,3,5,37,25780,16,999,656606884,42223392,20082,36.3388106,-78.4017851,M2,W,1027616,0,2,45422,19101,22477,79,199,7,3051,43386,1797
3725860,"Hickory-Lenoir-Morganton, NC Metro Area","Hickory-Lenoir-Morganton, North Carolina",NC,320,360065,3,5,37,25860,19,999,4240796217,75300737,162613,35.7656566,-81.4067456,M1,W,1027616,0,1,365497,302096,24860,792,9252,223,23063,345929,18600
3727340,"Jacksonville, NC Metro Area","Jacksonville, North Carolina",NC,320,360073,3,5,37,27340,18,999,1975496912,370806698,68226,34.7022986,-77.3744372,M1,W,1027616,0,1,177772,122558,26577,1013,3163,438,17896,168491,7970
3728620,"Kill Devil Hills, NC Micro Area","Kill Devil Hills, North Carolina",NC,320,360076,3,5,37,28620,16,999,993052150,3053969840,33492,35.8315315,-75.6690054,M2,W,1027616,0,2,33920,30061,812,101,211,10,2210,32147,1872
3728820,"Kinston, NC Micro Area","Kinston, North Carolina",NC,320,360079,3,5,37,28820,17,999,1037527054,5768474,27437,35.2633054,-77.6240245,M2,W,1027616,0,2,59495,30492,23968,163,256,26,3917,57292,2080
3729900,"Laurinburg, NC Micro Area","Laurinburg, North Carolina",NC,320,360082,3,5,37,29900,16,354,825803818,3831577,15193,34.8065496,-79.4790136,M2,W,1027616,18,2,36157,16605,13884,3860,276,7,754,35543,723
3730740,"Lincolnton, NC Micro Area","Lincolnton, North Carolina",NC,320,360085,3,5,37,30740,17,172,771655597,23577093,33641,35.4823806,-81.1916593,M2,W,1027616,21,2,78265,67139,4269,222,415,13,5238,74093,3959
3731300,"Lumberton, NC Micro Area","Lumberton, North Carolina",NC,320,360088,3,5,37,31300,18,354,2458470383,4574244,52751,34.6703832,-79.1045969,M2,W,1027616,18,2,134168,36160,32347,50866,971,60,10932,126429,7491
3733980,"Morehead City, NC Micro Area","Morehead City, North Carolina",NC,320,360091,3,5,37,33980,17,999,1311185243,2161018307,48179,34.7480196,-76.7465817,M2,W,1027616,0,2,66469,58101,3986,283,576,63,2241,64185,2230
3734340,"Mount Airy, NC Micro Area","Mount Airy, North Carolina",NC,320,360094,3,5,37,34340,17,268,1378304182,10715854,33667,36.4224039,-80.6755436,M2,W,1027616,21,2,73673,62611,2644,173,339,9,7155,69519,4032
3735100,"New Bern, NC Micro Area","New Bern, North Carolina",NC,320,360097,3,5,37,35100,18,999,3926947933,771618500,57374,35.075205,-77.036833,M2,W,1027616,0,2,126802,85470,28762,543,2138,118,7082,120501,5692
3735900,"North Wilkesboro, NC Micro Area","North Wilkesboro, North Carolina",NC,320,360102,3,5,37,35900,17,999,1953571382,6843251,33065,36.1888996,-81.1466226,M2,W,1027616,0,2,69340,61587,2785,110,295,15,3772,66967,2298
3739580,"Raleigh-Cary, NC Metro Area","Raleigh-Cary, North Carolina",NC,320,360105,3,5,37,39580,21,450,5486112667,75432229,466095,35.7672769,-78.5806696,M1,W,1027616,21,1,1130490,716883,223870,3479,49535,355,114512,1002501,132664
3740260,"Roanoke Rapids, NC Micro Area","Roanoke Rapids, North Carolina",NC,320,360111,3,5,37,40260,17,999,3265132906,54672547,37455,36.3578983,-77.6054039,M2,W,1027616,0,2,76790,30165,41833,2098,395,9,1457,75409,1243
3740460,"Rockingham, NC Micro Area","Rockingham, North Carolina",NC,320,360115,3,5,37,40460,16,999,1227191624,15790811,20738,34.9552661,-79.7466403,M2,W,1027616,0,2,46639,27369,14159,1069,419,15,2741,44649,1959
3740580,"Rocky Mount, NC Metro Area","Rocky Mount, North Carolina",NC,320,360118,3,5,37,40580,18,999,2708461160,9520326,67124,35.9368956,-77.8103868,M1,W,1027616,0,1,152392,73130,67767,695,826,24,8119,145904,5894
3741580,"Salisbury, NC Micro Area","Salisbury, North Carolina",NC,320,360122,3,5,37,41580,18,172,1324451332,31989769,60211,35.6173391,-80.515912,M2,W,1027616,21,2,138428,101986,22153,376,1353,44,10644,130758,7431
3741820,"Sanford, NC Micro Area","Sanford, North Carolina",NC,320,360125,3,5,37,41820,17,999,660341698,10576667,24136,35.4723141,-79.1708802,M2,W,1027616,0,2,57866,34321,11369,253,475,13,10576,51095,6781
3743140,"Shelby, NC Micro Area","Shelby, North Carolina",NC,320,360128,3,5,37,43140,17,172,1202408392,10356247,43373,35.30293,-81.5358159,M2,W,1027616,21,2,98078,72793,20237,193,735,22,2756,95847,2043
3743860,"Southern Pines-Pinehurst, NC Micro Area","Southern Pines-Pinehurst, North Carolina",NC,320,360131,3,5,37,43860,17,999,1807404472,20746101,43940,35.2395857,-79.4364364,M2,W,1027616,0,2,88247,68487,11727,689,736,25,5261,83473,4841
3744380,"Statesville-Mooresville, NC Micro Area","Statesville-Mooresville, North Carolina",NC,320,360135,3,5,37,44380,18,172,1486221270,59749281,69013,35.7373713,-80.8708078,M2,W,1027616,21,2,159437,124107,18748,416,2899,36,10844,150944,8670
3745640,"Thomasville-Lexington, NC Micro Area","Thomasville-Lexington, North Carolina",NC,320,360139,3,5,37,45640,18,268,1431421129,37148773,72655,35.8203299,-80.1939767,M2,W,1027616,21,2,162878,133486,14269,634,1957,26,10408,155278,7350
3747260,"Virginia Beach-Norfolk-Newport News, VA-NC Metro Area (part)","Virginia Beach-Norfolk-Newport News, North Carolina",NC,320,360143,3,5,37,47260,21,999,678194049,685673954,14453,36.4046718,-75.9557324,M1,P,1027616,0,1,23547,20876,1348,103,141,10,704,22970,707
3747820,"Washington, NC Micro Area","Washington, North Carolina",NC,320,360145,3,5,37,47820,16,999,2142417945,339348344,24688,35.4920608,-76.9084241,M2,W,1027616,0,2,47759,31705,12105,116,158,2,3166,45269,2273
3748900,"Wilmington, NC Metro Area","Wilmington, North Carolina",NC,320,360148,3,5,37,48900,19,999,4942480419,1042497532,205642,34.1574808,-78.040786,M1,W,1027616,0,1,362315,281017,50797,1687,3137,152,19459,346024,17624
3748980,"Wilson, NC Micro Area","Wilson, North Carolina",NC,320,360153,3,5,37,48980,17,999,953567109,14395628,35511,35.7198592,-77.929835,M2,W,1027616,0,2,81234,40157,31462,190,664,22,7724,75312,5708
3749180,"Winston-Salem, NC Metro Area","Winston-Salem, North Carolina",NC,320,360156,3,5,37,49180,19,268,3770865122,43979596,214375,36.1342684,-80.3241048,M1,W,1027616,21,1,477717,317660,95147,1204,6851,174,49274,441176,36853
4010220,"Ada, OK Micro Area","Ada, Oklahoma",OK,320,305457,3,7,40,10220,16,999,1865918266,12405563,16595,34.7579918,-96.6670353,M2,W,1102857,0,2,37492,25973,879,6331,244,17,1523,36851,587
4011060,"Altus, OK Micro Area","Altus, Oklahoma",OK,320,305460,3,7,40,11060,16,999,2078856062,4114418,12077,34.6231651,-99.3802399,M2,W,1102857,0,2,26446,17403,1918,407,303,52,5538,24537,1738
4011620,"Ardmore, OK Micro Area","Ardmore, Oklahoma",OK,320,305463,3,7,40,11620,17,999,3460665702,77668387,25687,34.1354727,-97.2186648,M2,W,1102857,0,2,56980,41684,3297,4641,547,8,3641,55161,1846
4012780,"Bartlesville, OK Micro Area","Bartlesville, Oklahoma",OK,320,305467,3,7,40,12780,17,538,1076020808,22829387,23451,36.7274054,-95.9327262,M2,W,1102857,20,2,50976,38691,1194,5119,552,16,2556,49429,1683
4020340,"Duncan, OK Micro Area","Duncan, Oklahoma",OK,320,305470,3,7,40,20340,16,999,2253922744,54698972,20658,34.5044581,-97.9392808,M2,W,1102857,0,2,45048,37173,841,2182,210,13,2790,43871,977
4020460,"Durant, OK Micro Area","Durant, Oklahoma",OK,320,305473,3,7,40,20460,16,999,2342567959,102228720,19586,33.969637,-96.3554392,M2,W,1102857,0,2,42416,31294,640,5366,214,11,2107,41550,944
4021120,"Elk City, OK Micro Area","Elk City, Oklahoma",OK,320,305476,3,7,40,21120,15,999,2335665049,5527162,9647,35.3232255,-99.5846687,M2,W,1102857,0,2,22119,17459,842,565,173,2,2619,21772,747
4021420,"Enid, OK Micro Area","Enid, Oklahoma",OK,320,305479,3,7,40,21420,17,999,2741414396,4140336,26831,36.3897851,-97.8343463,M2,W,1102857,0,2,60580,48744,1765,1280,577,1094,5353,56699,3573
4022900,"Fort Smith, AR-OK Metro Area (part)","Fort Smith, Oklahoma",OK,320,305482,3,7,40,22900,19,999,5859810464,155899674,40104,35.2052795,-94.7144505,M1,P,1102857,0,1,92775,64476,1734,14727,457,30,4892,89654,2347
4025100,"Guymon, OK Micro Area","Guymon, Oklahoma",OK,320,305485,3,7,40,25100,15,999,5286842403,19215744,8208,36.7316532,-101.4672303,M2,W,1102857,0,2,20640,10889,294,183,318,9,8659,16069,4551
4030020,"Lawton, OK Metro Area","Lawton, Oklahoma",OK,320,305488,3,7,40,30020,18,999,2769439538,37339122,50739,34.6408077,-98.4223372,M1,W,1102857,0,1,124098,73122,20794,6597,2663,635,13896,115646,7455
4032540,"McAlester, OK Micro Area","McAlester, Oklahoma",OK,320,305491,3,7,40,32540,16,999,3381130261,187421760,22634,34.9391327,-95.743744,M2,W,1102857,0,2,45837,32959,1497,6148,185,19,1786,44802,768
4033060,"Miami, OK Micro Area","Miami, Oklahoma",OK,320,305494,3,7,40,33060,16,999,1219421293,35709014,14060,36.8584207,-94.8397943,M2,W,1102857,0,2,31848,21454,234,5893,158,297,1499,31278,662
4034780,"Muskogee, OK Micro Area","Muskogee, Oklahoma",OK,320,305497,3,7,40,34780,17,999,2099056912,75962995,30908,35.6789407,-95.3714112,M2,W,1102857,0,2,70990,41362,7960,12137,381,20,3688,68634,2001
4036420,"Oklahoma City, OK Metro Area","Oklahoma City, Oklahoma",OK,320,305500,3,7,40,36420,21,416,14274866599,181711438,539077,35.4399516,-97.5189657,M1,W,1102857,21,1,1252987,845104,128174,47462,34808,934,142042,1159297,97650
4038620,"Ponca City, OK Micro Area","Ponca City, Oklahoma",OK,320,305509,3,7,40,38620,16,999,2382087117,65364078,21708,36.7733439,-97.180746,M2,W,1102857,0,2,46562,36113,910,4276,233,7,2992,44774,1514
4043060,"Shawnee, OK Micro Area","Shawnee, Oklahoma",OK,320,305512,3,7,40,43060,17,416,2040060341,14842424,29139,35.2683739,-96.9433302,M2,W,1102857,21,2,69442,51642,1969,8538,373,40,2878,68643,1033
4044660,"Stillwater, OK Micro Area","Stillwater, Oklahoma",OK,320,305515,3,7,40,44660,17,999,1773371786,31779003,33991,36.0756632,-96.9562461,M2,W,1102857,0,2,77350,61655,2757,3494,2679,34,2990,72686,4439
4045140,"Tahlequah, OK Micro Area","Tahlequah, Oklahoma",OK,320,305518,3,7,40,45140,16,999,1940956597,69625855,21455,35.8814787,-94.9865965,M2,W,1102857,0,2,46987,23591,582,15572,250,14,2952,45874,1291
4046140,"Tulsa, OK Metro Area","Tulsa, Oklahoma",OK,320,305521,3,7,40,46140,20,538,16237247624,494308674,409820,36.1495948,-96.0269501,M1,W,1102857,20,1,937478,635628,77683,74729,16317,523,78446,883495,53222
4048220,"Weatherford, OK Micro Area","Weatherford, Oklahoma",OK,320,305530,3,7,40,48220,16,999,2561024716,34321703,12204,35.5877215,-98.9199983,M2,W,1102857,0,2,27469,20169,794,1642,276,7,3830,25747,1836
4049260,"Woodward, OK Micro Area","Woodward, Oklahoma",OK,320,305533,3,7,40,49260,15,999,3217798327,9693408,8838,36.4131144,-99.3267692,M2,W,1102857,0,2,20081,16632,308,522,115,8,2128,19228,1004
4511340,"Anderson, SC Metro Area","Anderson, South Carolina",SC,320,209891,3,5,45,11340,18,273,1852945207,108805903,84774,34.5340296,-82.624628,M1,W,1779799,21,1,187126,147362,29810,420,1384,29,5447,182133,5095
4512260,"Augusta-Richmond County, GA-SC Metro Area (part)","Augusta-Richmond County, South Carolina",SC,320,209894,3,5,45,12260,20,999,4070011413,41064450,82808,33.5822254,-81.7542877,M1,P,1779799,0,1,187084,123762,48994,651,1412,63,9238,180221,6711
4513500,"Bennettsville, SC Micro Area","Bennettsville, South Carolina",SC,320,209897,3,5,45,13500,16,999,1242350170,14504245,12072,34.6319437,-79.6660589,M2,W,1779799,0,2,28933,11657,14652,1265,74,3,800,28216,534
4516700,"Charleston-North Charleston-Summerville, SC Metro Area","Charleston-North Charleston-Summerville, South Carolina",SC,320,209900,3,5,45,16700,20,999,6703350685,1488882450,298542,32.9174946,-80.0308789,M1,W,1779799,0,1,664607,420240,182363,2601,10657,519,35707,633367,35790
4516740,"Charlotte-Gastonia-Rock Hill, NC-SC Metro Area (part)","Charlotte-Gastonia-Rock Hill, South Carolina",SC,320,209907,3,5,45,16740,21,172,1762732402,39400683,94196,34.9846099,-81.0873448,M1,P,1779799,21,1,226073,164371,42608,1777,3394,72,10075,216378,10198
4516900,"Chester, SC Micro Area","Chester, South Carolina",SC,320,209910,3,5,45,16900,16,172,1503894983,14261785,14701,34.6959555,-81.1108954,M2,W,1779799,21,2,33140,19590,12349,130,104,5,479,32714,314
4517900,"Columbia, SC Metro Area","Columbia, South Carolina",SC,320,209913,3,5,45,17900,20,192,9590077580,339992462,331470,34.0470331,-81.0482424,M1,W,1779799,20,1,767598,447927,252329,2259,12543,523,39153,730417,36882
4519900,"Dillon, SC Micro Area","Dillon, South Carolina",SC,320,209921,3,5,45,19900,16,999,1048614230,4454688,13742,34.3883647,-79.3569744,M2,W,1779799,0,2,32062,15152,14730,751,76,8,833,31067,666
4522500,"Florence, SC Metro Area","Florence, South Carolina",SC,320,209924,3,5,45,22500,18,999,3525278282,24377952,88963,34.1671083,-79.8342346,M1,W,1779799,0,1,205566,112098,84667,608,1861,29,4170,200719,4495
4523500,"Gaffney, SC Micro Area","Gaffney, South Carolina",SC,320,209928,3,5,45,23500,17,273,1016981703,11705005,23997,35.0789854,-81.6237001,M2,W,1779799,21,2,55342,40939,11214,129,308,6,2032,53976,1375
4523860,"Georgetown, SC Micro Area","Georgetown, South Carolina",SC,320,209931,3,5,45,23860,17,396,2107076193,572646611,33672,33.4226953,-79.3031921,M2,W,1779799,19,2,60158,37311,20128,128,269,6,1867,58623,1662
4524860,"Greenville-Mauldin-Easley, SC Metro Area","Greenville-Mauldin-Easley, South Carolina",SC,320,209934,3,5,45,24860,20,273,5167881337,91691970,277415,34.7874438,-82.3764398,M1,W,1779799,21,1,636986,467055,105169,1262,10847,256,42967,596048,42673
4524940,"Greenwood, SC Micro Area","Greenwood, South Carolina",SC,320,209941,3,5,45,24940,17,999,1177734978,21238099,31054,34.1881049,-82.1432977,M2,W,1779799,0,2,69661,42709,21728,139,568,11,3789,66628,2903
4525940,"Hilton Head Island-Beaufort, SC Micro Area","Hilton Head Island-Beaufort, South Carolina",SC,320,209944,3,5,45,25940,18,999,3189825040,1013101680,103322,32.3641353,-80.8028412,M2,W,1779799,0,2,187010,116542,41965,387,1991,83,23319,167913,19195
4529580,"Lancaster, SC Micro Area","Lancaster, South Carolina",SC,320,209949,3,5,45,29580,17,172,1422317473,15441829,32687,34.7054244,-80.7333076,M2,W,1779799,21,2,76652,53490,18162,214,492,15,3384,74098,2266
4534820,"Myrtle Beach-North Myrtle Beach-Conway, SC Metro Area","Myrtle Beach-North Myrtle Beach-Conway, South Carolina",SC,320,209952,3,5,45,34820,19,396,2936777435,313664031,185992,33.8105144,-78.9358286,M1,W,1779799,19,1,269291,208096,35753,1075,2774,232,16683,252494,18449
4535140,"Newberry, SC Micro Area","Newberry, South Carolina",SC,320,209957,3,5,45,35140,16,192,1631788278,44675199,17922,34.2717294,-81.5906896,M2,W,1779799,20,2,37508,22690,11533,99,116,10,2690,35319,2113
4536700,"Orangeburg, SC Micro Area","Orangeburg, South Carolina",SC,320,209960,3,5,45,36700,17,999,2864787762,56464867,42504,33.464606,-80.8083937,M2,W,1779799,0,2,92501,31206,57286,468,751,12,1767,90258,1971
4542860,"Seneca, SC Micro Area","Seneca, South Carolina",SC,320,209963,3,5,45,42860,17,273,1622196811,122191920,38763,34.722637,-83.0125659,M2,W,1779799,21,2,74273,63807,5550,152,421,8,3349,71653,2385
4543900,"Spartanburg, SC Metro Area","Spartanburg, South Carolina",SC,320,209966,3,5,45,43900,19,273,2092518606,29310216,122628,34.9644151,-82.0054068,M1,W,1779799,21,1,284307,199184,58115,562,5680,69,16658,267366,17174
4544940,"Sumter, SC Metro Area","Sumter, South Carolina",SC,320,209969,3,5,45,44940,18,999,1722512472,44079489,46011,33.9334233,-80.3913839,M1,W,1779799,0,1,107456,50423,50110,334,1167,93,3532,103468,3811
4546420,"Union, SC Micro Area","Union, South Carolina",SC,320,209972,3,5,45,46420,16,273,1331696606,4805084,14153,34.7229013,-81.6025529,M2,W,1779799,21,2,28961,19146,9022,63,79,11,282,28634,170
4547500,"Walterboro, SC Micro Area","Walterboro, South Carolina",SC,320,209975,3,5,45,47500,16,999,2736299047,198897561,19901,32.874523,-80.6540993,M2,W,1779799,0,2,38892,21736,15109,308,125,7,1094,37822,843
4711940,"Athens, TN Micro Area","Athens, Tennessee",TN,320,287543,3,6,47,11940,17,174,1114018337,5331264,23341,35.4189983,-84.6043856,M2,W,1325873,20,2,52266,47273,2021,158,385,8,1482,51185,1140
4715140,"Brownsville, TN Micro Area","Brownsville, Tennessee",TN,320,287546,3,6,47,15140,14,999,1380753077,2457129,8315,35.5750768,-89.27869,M2,W,1325873,0,2,18787,8419,9431,25,21,0,723,18318,355
4716860,"Chattanooga, TN-GA Metro Area (part)","Chattanooga, Tennessee",TN,320,287549,3,6,47,16860,20,174,3383685195,123615198,170429,35.1133756,-85.3059775,M1,P,1325873,20,1,378812,281884,68509,975,6006,155,15816,362274,17106
4717300,"Clarksville, TN-KY Metro Area (part)","Clarksville, Tennessee",TN,320,287554,3,6,47,17300,19,999,2586121495,99282851,76876,36.5326999,-87.5215336,M1,P,1325873,0,1,185655,128022,32190,857,3615,637,14002,176815,9585
4717420,"Cleveland, TN Metro Area","Cleveland, Tennessee",TN,320,287558,3,6,47,17420,18,174,1977295461,26793560,49386,35.1572175,-84.7567103,M1,W,1325873,20,1,115788,103851,4166,304,844,46,4897,111963,4022
4717940,"Columbia, TN Micro Area","Columbia, Tennessee",TN,320,287562,3,6,47,17940,17,400,1588021250,6319194,35254,35.6196883,-87.0615541,M2,W,1325873,21,2,80956,64919,10076,232,482,21,3909,78419,2546
4718260,"Cookeville, TN Micro Area","Cookeville, Tennessee",TN,320,287565,3,6,47,18260,18,999,2960112930,36303990,48020,36.2240137,-85.4862075,M2,W,1325873,0,2,106042,97771,1536,328,892,20,4224,102274,3464
4718900,"Crossville, TN Micro Area","Crossville, Tennessee",TN,320,287570,3,6,47,18900,17,999,1763847584,9825917,28151,35.9493617,-85.0080244,M2,W,1325873,0,2,56053,53712,146,145,237,24,1307,54885,1259
4720540,"Dyersburg, TN Micro Area","Dyersburg, Tennessee",TN,320,287573,3,6,47,20540,16,999,1326920403,36780572,16703,36.0650728,-89.3618413,M2,W,1325873,0,2,38335,31044,5433,72,188,8,1002,37689,545
4724620,"Greeneville, TN Micro Area","Greeneville, Tennessee",TN,320,287576,3,6,47,24620,17,999,1611399661,5056718,32025,36.192843,-82.8478657,M2,W,1325873,0,2,68831,64637,1355,150,249,11,1690,67385,1370
4725340,"Harriman, TN Micro Area","Harriman, Tennessee",TN,320,287579,3,6,47,25340,17,314,934229744,88755772,25716,35.8840186,-84.5205922,M2,W,1325873,21,2,54181,50752,1430,167,274,15,710,53056,971
4726480,"Humboldt, TN Micro Area","Humboldt, Tennessee",TN,320,287582,3,6,47,26480,16,297,1561094821,2353199,21999,35.9529561,-88.8842608,M2,W,1325873,18,2,49683,38571,9307,98,106,4,1012,49177,417
4727180,"Jackson, TN Metro Area","Jackson, Tennessee",TN,320,287585,3,6,47,27180,18,297,2182978552,4484554,48857,35.5908799,-88.7727548,M1,W,1325873,18,1,115425,71897,37091,211,948,30,3649,111500,3519
4727740,"Johnson City, TN Metro Area","Johnson City, Tennessee",TN,320,287589,3,6,47,27740,18,304,2211416602,26140272,93830,36.2915015,-82.3597671,M1,W,1325873,20,1,198716,183099,5505,474,1671,35,5217,193468,5190
4728700,"Kingsport-Bristol-Bristol, TN-VA Metro Area (part)","Kingsport-Bristol-Bristol, Tennessee",TN,320,287594,3,6,47,28700,19,304,2331864735,75021954,100630,36.500723,-82.5517287,M1,P,1325873,20,1,213656,202486,4007,479,1158,36,2990,210391,3009
4728940,"Knoxville, TN Metro Area","Knoxville, Tennessee",TN,320,287599,3,6,47,28940,20,314,4809213971,193907487,315615,35.922421,-84.0430738,M1,W,1325873,21,1,698030,606269,44317,1749,9960,342,23865,671732,27365
4729220,"La Follette, TN Micro Area","La Follette, Tennessee",TN,320,287606,3,6,47,29220,16,314,1243689525,46503453,19966,36.3950271,-84.1322359,M2,W,1325873,21,2,40716,39510,117,101,103,10,472,40344,285
4729980,"Lawrenceburg, TN Micro Area","Lawrenceburg, Tennessee",TN,320,287609,3,6,47,29980,16,999,1598355330,2229584,18177,35.2148689,-87.3755528,M2,W,1325873,0,2,41869,39690,637,142,120,2,689,41152,627
4730280,"Lewisburg, TN Micro Area","Lewisburg, Tennessee",TN,320,287612,3,6,47,30280,16,999,972437127,1801806,13119,35.4539363,-86.7781489,M2,W,1325873,0,2,30617,26565,1985,100,130,15,1386,29681,904
4732280,"Martin, TN Micro Area","Martin, Tennessee",TN,320,287615,3,6,47,32280,16,542,1503135455,3679548,15495,36.2863332,-88.7477242,M2,W,1325873,17,2,35021,30696,2717,89,365,6,700,34107,695
4732660,"McMinnville, TN Micro Area","McMinnville, Tennessee",TN,320,287618,3,6,47,32660,16,999,1120635730,3508343,17821,35.6964555,-85.7927691,M2,W,1325873,0,2,39839,34739,1085,95,190,12,3224,37827,1940
4732820,"Memphis, TN-MS-AR Metro Area (part)","Memphis, Tennessee",TN,320,287621,3,6,47,32820,21,999,4989160933,99053452,437142,35.1663035,-89.8449429,M1,P,1325873,0,1,1027138,432130,503566,2127,21787,325,54219,970751,58094
4734100,"Morristown, TN Metro Area","Morristown, Tennessee",TN,320,287626,3,6,47,34100,18,314,1854061138,198679787,61356,36.1610163,-83.3938537,M1,W,1325873,21,1,136608,121337,3526,288,684,81,8860,130935,5747
4734980,"Nashville-Davidson--Murfreesboro--Franklin, TN Metro Area","Nashville-Davidson--Murfreesboro--Franklin, Tennessee",TN,320,287631,3,6,47,34980,21,400,14733539303,191509874,667655,36.1295309,-86.7050943,M1,W,1325873,21,1,1589934,1176069,239849,3998,35974,674,105367,1477010,118444
4735460,"Newport, TN Micro Area","Newport, Tennessee",TN,320,287648,3,6,47,35460,16,314,1125518964,22196995,17459,35.9323242,-83.1455194,M2,W,1325873,21,2,35662,33598,659,113,105,19,628,35041,590
4737540,"Paris, TN Micro Area","Paris, Tennessee",TN,320,287651,3,6,47,37540,16,999,1455823082,81118140,17054,36.3196636,-88.2993076,M2,W,1325873,0,2,32330,28522,2578,93,95,5,553,31745,526
4742940,"Sevierville, TN Micro Area","Sevierville, Tennessee",TN,320,287654,3,6,47,42940,17,314,1534567408,13514945,55918,35.8297416,-83.5490007,M2,W,1325873,21,2,89889,82374,640,295,769,15,4787,85703,4515
4743180,"Shelbyville, TN Micro Area","Shelbyville, Tennessee",TN,320,287657,3,6,47,43180,16,999,1226710123,2983154,18360,35.5128426,-86.4435826,M2,W,1325873,0,2,45058,35389,3437,96,339,30,5083,41641,3419
4746100,"Tullahoma, TN Micro Area","Tullahoma, Tennessee",TN,320,287660,3,6,47,46100,18,999,2881935766,72479976,45046,35.3183677,-86.1293971,M2,W,1325873,0,2,100210,90415,4051,298,772,37,3106,97925,2249
4746460,"Union City, TN-KY Micro Area (part)","Union City, Tennessee",TN,320,287665,3,6,47,46460,16,542,1410839429,27916074,14659,36.3744802,-89.0908989,M2,P,1325873,17,2,31807,26988,3353,49,75,8,999,31054,667
4810180,"Abilene, TX Metro Area","Abilene, Texas",TX,320,1037613,3,7,48,10180,18,999,7105575299,36849277,69721,32.4774082,-99.7451086,M1,W,1779801,0,1,165252,112735,11549,655,2110,113,35108,156605,8478
4810860,"Alice, TX Micro Area","Alice, Texas",TX,320,1037618,3,7,48,10860,16,999,2240251330,8739521,16147,27.6984767,-98.0874299,M2,W,1779801,0,2,40838,8062,156,97,134,4,32254,39228,1786
4811100,"Amarillo, TX Metro Area","Amarillo, Texas",TX,320,1037621,3,7,48,11100,18,999,9451495291,85751157,102546,35.2205367,-101.7081433,M1,W,1779801,0,1,249881,160881,14570,1257,6319,72,63116,228663,21561
4811380,"Andrews, TX Micro Area","Andrews, Texas",TX,320,1037627,3,7,48,11380,14,999,3886829704,957046,5814,32.3061057,-102.5789227,M2,W,1779801,0,2,14786,7083,199,95,85,1,7195,12890,2116
4811980,"Athens, TX Micro Area","Athens, Texas",TX,320,1037630,3,7,48,11980,17,206,2262997188,193170040,39595,32.2258848,-95.910708,M2,W,1779801,23,2,78532,63494,4813,349,318,27,8490,74254,4304
4812420,"Austin-Round Rock-San Marcos, TX Metro Area","Austin-Round Rock-San Marcos, Texas",TX,320,1037633,3,7,48,12420,21,126,10929465393,155886991,706505,30.3035645,-97.7065775,M1,W,1779801,21,1,1716289,938474,120510,4858,80980,1060,538313,1478950,252827
4813060,"Bay City, TX Micro Area","Bay City, Texas",TX,320,1037642,3,7,48,13060,16,288,2849700666,1326679773,18801,28.8584285,-96.0005752,M2,W,1779801,23,2,36702,17400,4060,104,693,7,14074,32767,3886
4813140,"Beaumont-Port Arthur, TX Metro Area","Beaumont-Port Arthur, Texas",TX,320,1037645,3,7,48,13140,19,999,5440350393,749025469,162334,30.0686122,-94.0659902,M1,W,1779801,0,1,388745,228486,94603,1269,9591,108,50049,359650,28780
4813300,"Beeville, TX Micro Area","Beeville, Texas",TX,320,1037651,3,7,48,13300,16,999,2279809490,246410,10649,28.4065947,-97.7463502,M2,W,1779801,0,2,31861,10967,2525,70,162,10,17906,30756,1327
4813700,"Big Spring, TX Micro Area","Big Spring, Texas",TX,320,1037654,3,7,48,13700,16,999,2333038341,8841951,13124,32.2493971,-101.435944,M2,W,1779801,0,2,35012,18801,2079,220,256,13,13255,30713,4214
4814300,"Bonham, TX Micro Area","Bonham, Texas",TX,320,1037657,3,7,48,14300,16,206,2307256396,20841602,14191,33.5606294,-96.1508895,M2,W,1779801,23,2,33915,27433,2273,294,122,6,3226,32285,1582
4814420,"Borger, TX Micro Area","Borger, Texas",TX,320,1037660,3,7,48,14420,15,999,2298404081,19511584,10629,35.7308226,-101.4139973,M2,W,1779801,0,2,22150,16482,512,300,91,3,4386,20654,1338
4814780,"Brenham, TX Micro Area","Brenham, Texas",TX,320,1037663,3,7,48,14780,16,999,1564232347,46094330,15514,30.1931672,-96.4181619,M2,W,1779801,0,2,33718,22394,5861,61,432,7,4641,31674,1954
4815180,"Brownsville-Harlingen, TX Metro Area","Brownsville-Harlingen, Texas",TX,320,1037666,3,7,48,15180,19,154,2307478146,998531503,141924,26.0843026,-97.5565415,M1,W,1779801,19,1,406220,43427,1192,385,2486,76,357747,305692,100127
4815220,"Brownwood, TX Micro Area","Brownwood, Texas",TX,320,1037670,3,7,48,15220,16,999,2446070964,32428770,18287,31.7545845,-98.986527,M2,W,1779801,0,2,38106,28478,1303,170,160,14,7453,36438,1580
4817780,"College Station-Bryan, TX Metro Area","College Station-Bryan, Texas",TX,320,1037673,3,7,48,17780,18,999,5439375936,86113684,95016,30.6852432,-96.4613344,M1,W,1779801,0,1,228660,136769,26400,579,10103,85,51561,200539,27304
4818580,"Corpus Christi, TX Metro Area","Corpus Christi, Texas",TX,320,1037679,3,7,48,18580,19,204,4620556143,1599387010,182909,27.8327802,-97.4129218,M1,W,1779801,19,1,428185,155550,13338,1169,6444,260,247231,398779,30532
4818620,"Corsicana, TX Micro Area","Corsicana, Texas",TX,320,1037684,3,7,48,18620,16,999,2614922711,197639165,20234,32.0587366,-96.4558398,M2,W,1779801,0,2,47735,28587,6490,155,239,380,11345,42585,5154
4819100,"Dallas-Fort Worth-Arlington, TX Metro Area","Dallas-Fort Worth-Arlington, Texas",TX,320,1037687,3,7,48,19100,23,206,23122123423,926489485,2502075,32.8535816,-96.9424666,M1,W,1779801,23,1,6371773,3201677,941695,24758,337815,5431,1752166,5286793,1113988
4819620,"Del Rio, TX Micro Area","Del Rio, Texas",TX,320,1037723,3,7,48,19620,16,999,8144863995,227711342,18651,29.514817,-100.9713482,M2,W,1779801,0,2,48879,8548,563,86,207,37,39199,37610,10968
4820300,"Dumas, TX Micro Area","Dumas, Texas",TX,320,1037726,3,7,48,20300,15,999,2330188778,25718171,7881,35.8512123,-101.8952051,M2,W,1779801,0,2,21904,8370,287,107,1323,18,11542,16116,5649
4820580,"Eagle Pass, TX Micro Area","Eagle Pass, Texas",TX,320,1037729,3,7,48,20580,17,999,3313264152,32425873,17462,28.7157375,-100.3876294,M2,W,1779801,0,2,54258,1552,75,506,140,2,51914,35012,19095
4820900,"El Campo, TX Micro Area","El Campo, Texas",TX,320,1037732,3,7,48,20900,16,999,2813115336,21289070,17127,29.2822918,-96.1750076,M2,W,1779801,0,2,41280,19681,5668,62,154,2,15445,37330,3823
4821340,"El Paso, TX Metro Area","El Paso, Texas",TX,320,1037735,3,7,48,21340,20,999,2622862905,5871209,270307,31.7676712,-106.3322038,M1,W,1779801,0,1,800647,105246,20649,2269,7551,805,658134,592221,208894
4823240,"Fredericksburg, TX Micro Area","Fredericksburg, Texas",TX,320,1037738,3,7,48,23240,15,999,2740760701,8978625,12778,30.2895185,-98.9186466,M2,W,1779801,0,2,24837,19472,47,68,88,11,4969,23002,1775
4823620,"Gainesville, TX Micro Area","Gainesville, Texas",TX,320,1037741,3,7,48,23620,16,206,2265615780,61333893,16606,33.6253061,-97.1734732,M2,W,1779801,23,2,38437,30255,1018,303,278,19,5997,35550,2877
4824180,"Granbury, TX Micro Area","Granbury, Texas",TX,320,1037744,3,7,48,24180,17,206,1572393165,56147343,28625,32.378556,-97.7947578,M2,W,1779801,23,2,59672,51183,279,333,336,33,6860,56027,3578
4825820,"Hereford, TX Micro Area","Hereford, Texas",TX,320,1037748,3,7,48,25820,14,999,3876869424,3926829,7077,34.8950413,-102.4842142,M2,W,1779801,0,2,19372,5939,158,52,56,2,13039,16085,3190
4826420,"Houston-Sugar Land-Baytown, TX Metro Area","Houston-Sugar Land-Baytown, Texas",TX,320,1037751,3,7,48,26420,23,288,22863087517,3222572936,2308205,29.7519153,-95.3721099,M1,W,1779801,23,1,5946800,2360472,998883,13944,384596,2916,2099412,4643262,1319154
4826660,"Huntsville, TX Micro Area","Huntsville, Texas",TX,320,1037767,3,7,48,26660,17,288,2030987606,44898006,24058,30.7414086,-95.5315113,M2,W,1779801,23,2,67861,39671,15098,186,617,19,11389,62748,4699
4827380,"Jacksonville, TX Micro Area","Jacksonville, Texas",TX,320,1037770,3,7,48,27380,17,540,2727030862,24032104,20859,31.8961912,-95.2046252,M2,W,1779801,19,2,50845,31892,7401,125,221,6,10499,45720,4970
4828500,"Kerrville, TX Micro Area","Kerrville, Texas",TX,320,1037773,3,7,48,28500,16,999,2857580696,10250172,23831,30.046082,-99.2138781,M2,W,1779801,0,2,49625,35851,739,207,361,19,11895,46336,3133
4828660,"Killeen-Temple-Fort Hood, TX Metro Area","Killeen-Temple-Fort Hood, Texas",TX,320,1037776,3,7,48,28660,19,999,7293204261,110344348,159366,31.1288491,-97.6707391,M1,W,1779801,0,1,405300,218901,75411,2050,9866,2912,82426,375816,29904
4828780,"Kingsville, TX Micro Area","Kingsville, Texas",TX,320,1037783,3,7,48,28780,16,204,6059631949,1803578450,13020,27.279483,-97.8072481,M2,W,1779801,19,2,32477,7565,1071,57,716,26,22814,29900,2476
4829500,"Lamesa, TX Micro Area","Lamesa, Texas",TX,320,1037787,3,7,48,29500,14,999,2331781493,4720787,5220,32.7323046,-101.9482002,M2,W,1779801,0,2,13833,5402,860,28,46,2,7387,12773,988
4829700,"Laredo, TX Metro Area","Laredo, Texas",TX,320,1037790,3,7,48,29700,19,999,8706199011,36537745,73496,27.5593477,-99.3811019,M1,W,1779801,0,1,250304,8345,487,95,1320,11,239653,179183,71137
4830220,"Levelland, TX Micro Area","Levelland, Texas",TX,320,1037793,3,7,48,30220,15,352,2352723875,446121,9293,33.5878342,-102.3797531,M2,W,1779801,19,2,22935,11795,801,83,60,3,9993,21575,1413
4830980,"Longview, TX Metro Area","Longview, Texas",TX,320,1037796,3,7,48,30980,18,346,4610893979,68615313,87318,32.4331959,-94.8307916,M1,W,1779801,19,1,214369,141499,36815,902,1665,52,30240,197995,16053
4831180,"Lubbock, TX Metro Area","Lubbock, Texas",TX,320,1037801,3,7,48,31180,19,352,4651092628,17085076,117966,33.5829652,-101.772397,M1,W,1779801,19,1,284890,162440,20156,1039,5654,163,92095,268726,15713
4831260,"Lufkin, TX Micro Area","Lufkin, Texas",TX,320,1037805,3,7,48,31260,17,999,2066235308,173343492,35589,31.2909221,-94.6814172,M2,W,1779801,0,2,86771,54889,12840,255,744,9,17145,80124,6426
4831920,"Marble Falls, TX Micro Area","Marble Falls, Texas",TX,320,1037808,3,7,48,31920,16,126,2575116582,69940565,20870,30.7099287,-98.2267073,M2,W,1779801,21,2,42750,32530,700,169,198,13,8652,40132,2814
4832220,"Marshall, TX Micro Area","Marshall, Texas",TX,320,1037811,3,7,48,32220,17,346,2330861809,40928811,27704,32.5491662,-94.3490346,M2,W,1779801,19,2,65631,42654,14303,277,331,26,7254,62465,3493
4832580,"McAllen-Edinburg-Mission, TX Metro Area","McAllen-Edinburg-Mission, Texas",TX,320,1037814,3,7,48,32580,20,999,4068521768,31191087,248287,26.242441,-98.1650753,M1,W,1779801,0,1,774769,60553,2777,524,7122,49,702206,546495,228325
4833260,"Midland, TX Metro Area","Midland, Texas",TX,320,1037820,3,7,48,33260,18,372,2331764835,4533910,54351,31.9805144,-102.0913647,M1,W,1779801,19,1,136872,72822,8675,552,1639,42,51600,126408,12064
4833420,"Mineral Wells, TX Micro Area","Mineral Wells, Texas",TX,320,1037823,3,7,48,33420,16,206,2465126895,87327962,15214,32.759379,-98.2696192,M2,W,1779801,23,2,28111,21958,597,135,132,11,4985,26301,1709
4834420,"Mount Pleasant, TX Micro Area","Mount Pleasant, Texas",TX,320,1037826,3,7,48,34420,16,999,1051675541,50735856,12054,33.186575,-94.9799903,M2,W,1779801,0,2,32334,15904,3000,125,229,9,12799,25904,6141
4834860,"Nacogdoches, TX Micro Area","Nacogdoches, Texas",TX,320,1037829,3,7,48,34860,17,999,2451520148,89745988,27406,31.6415253,-94.6453746,M2,W,1779801,0,2,64524,39699,11573,230,775,15,11356,59036,5611
4836220,"Odessa, TX Metro Area","Odessa, Texas",TX,320,1037832,3,7,48,36220,18,372,2324999033,10597635,53027,31.8649691,-102.4257781,M1,W,1779801,19,1,137130,56306,5596,623,1004,106,72331,120283,17910
4837300,"Palestine, TX Micro Area","Palestine, Texas",TX,320,1037835,3,7,48,37300,17,999,2752126295,39884082,20116,31.7993636,-95.6363473,M2,W,1779801,0,2,58458,35792,12222,192,283,16,9287,54404,3865
4837420,"Pampa, TX Micro Area","Pampa, Texas",TX,320,1037838,3,7,48,37420,15,999,4791560029,9047718,10597,35.5321163,-100.8280287,M2,W,1779801,0,2,23464,16405,1055,155,85,1,5439,22205,1518
4837580,"Paris, TX Micro Area","Paris, Texas",TX,320,1037842,3,7,48,37580,16,999,2349611989,67113408,22481,33.6585799,-95.5606683,M2,W,1779801,0,2,49793,37891,6628,592,304,5,3223,47616,2124
4837780,"Pecos, TX Micro Area","Pecos, Texas",TX,320,1037845,3,7,48,37780,14,999,6825588429,17396749,4640,31.3279652,-103.6440241,M2,W,1779801,0,2,13783,2690,672,21,118,2,10233,10999,2607
4838380,"Plainview, TX Micro Area","Plainview, Texas",TX,320,1037848,3,7,48,38380,16,999,2602115719,246684,13541,34.0933299,-101.799063,M2,W,1779801,0,2,36273,13647,1803,103,133,19,20269,32833,3320
4839700,"Raymondville, TX Micro Area","Raymondville, Texas",TX,320,1037851,3,7,48,39700,15,154,1529528675,501715776,7040,26.4602997,-97.7279623,M2,W,1779801,19,2,22134,2235,389,22,134,1,19297,18690,3293
4840100,"Rio Grande City-Roma, TX Micro Area","Rio Grande City-Roma, Texas",TX,320,1037854,3,7,48,40100,17,999,3168018574,15302285,19526,26.4416592,-98.7732155,M2,W,1779801,0,2,60968,2449,15,17,119,0,58337,41972,18910
4841660,"San Angelo, TX Metro Area","San Angelo, Texas",TX,320,1037858,3,7,48,41660,18,999,6665424273,48281108,47427,31.4123452,-100.542689,M1,W,1779801,0,1,111823,64952,4008,413,1049,78,39722,104457,7573
4841700,"San Antonio-New Braunfels, TX Metro Area","San Antonio-New Braunfels, Texas",TX,320,1037862,3,7,48,41700,21,999,18939658512,150788514,837999,29.4631556,-98.5260694,M1,W,1779801,0,1,2142508,773807,130070,5264,42924,2057,1158148,1897837,251316
4843300,"Sherman-Denison, TX Metro Area","Sherman-Denison, Texas",TX,320,1037873,3,7,48,43300,18,206,2415950507,120105690,53727,33.6504652,-96.6438942,M1,W,1779801,23,1,120877,95103,6938,1603,1034,38,13688,113970,6671
4843660,"Snyder, TX Micro Area","Snyder, Texas",TX,320,1037877,3,7,48,43660,14,999,2345088415,5439993,6963,32.708748,-100.9468247,M2,W,1779801,0,2,16921,9773,764,47,48,2,6149,15779,1076
4844500,"Stephenville, TX Micro Area","Stephenville, Texas",TX,320,1037880,3,7,48,44500,16,999,2805141510,17445041,16987,32.2294724,-98.2203845,M2,W,1779801,0,2,37890,29382,431,170,240,12,7279,34917,3275
4844860,"Sulphur Springs, TX Micro Area","Sulphur Springs, Texas",TX,320,1037883,3,7,48,44860,16,999,1986971988,66297428,15029,33.1453289,-95.5760944,M2,W,1779801,0,2,35161,26501,2448,162,172,14,5368,32274,2814
4845020,"Sweetwater, TX Micro Area","Sweetwater, Texas",TX,320,1037886,3,7,48,45020,14,999,2362061553,5052677,7152,32.3767569,-100.402838,M2,W,1779801,0,2,15216,9191,666,44,58,0,5103,14351,753
4845500,"Texarkana, TX-Texarkana, AR Metro Area (part)","Texarkana, Texas",TX,320,1037889,3,7,48,45500,18,999,2292153748,98320026,38493,33.4471746,-94.2571736,M1,P,1779801,0,1,92565,61343,22230,572,721,45,6062,89286,3174
4846340,"Tyler, TX Metro Area","Tyler, Texas",TX,320,1037892,3,7,48,46340,18,540,2386555662,73211865,87309,32.3405635,-95.2982178,M1,W,1779801,19,1,209714,130246,37195,734,2550,63,36088,190697,18994
4846620,"Uvalde, TX Micro Area","Uvalde, Texas",TX,320,1037895,3,7,48,46620,16,999,4019520455,17322264,10811,29.3009783,-99.7538805,M2,W,1779801,0,2,26405,7666,110,62,116,6,18299,24085,2349
4846900,"Vernon, TX Micro Area","Vernon, Texas",TX,320,1037898,3,7,48,46900,14,999,2514474467,18257915,6318,34.0985931,-99.2451145,M2,W,1779801,0,2,13535,8585,1049,115,97,6,3508,12872,579
4847020,"Victoria, TX Metro Area","Victoria, Texas",TX,320,1037901,3,7,48,47020,18,999,5804156413,1398291562,50537,28.6882688,-96.8959035,M1,W,1779801,0,1,115384,55695,6019,264,1814,20,50497,108954,6823
4847380,"Waco, TX Metro Area","Waco, Texas",TX,320,1037906,3,7,48,47380,18,999,2686079968,59905775,95124,31.5449998,-97.1666587,M1,W,1779801,0,1,234906,138295,33892,704,3128,84,55471,215660,18966
4848660,"Wichita Falls, TX Metro Area","Wichita Falls, Texas",TX,320,1037909,3,7,48,48660,18,999,6784750731,144212772,64823,33.8312166,-98.5481988,M1,W,1779801,0,1,151306,108124,13409,1249,2632,89,23001,141279,9402
5113980,"Blacksburg-Christiansburg-Radford, VA Metro Area","Blacksburg-Christiansburg-Radford, Virginia",VA,320,329340,3,5,51,13980,18,999,2777824996,43931313,70550,37.16741,-80.5582519,M1,W,1779803,0,1,162958,143718,6896,264,5573,33,3562,152678,10030
5114140,"Bluefield, WV-VA Micro Area (part)","Bluefield, Virginia",VA,320,329348,3,5,51,14140,18,999,1343805085,2914823,20826,37.1416841,-81.5775886,M2,P,1779803,0,2,45078,42692,1330,54,286,6,296,44445,401
5116820,"Charlottesville, VA Metro Area","Charlottesville, Virginia",VA,320,329350,3,5,51,16820,18,999,4258053333,35461362,89134,37.9601117,-78.5743884,M1,W,1779803,0,1,201559,154343,24845,340,7804,71,9640,184844,17065
5119020,"Culpeper, VA Micro Area","Culpeper, Virginia",VA,320,329357,3,5,51,19020,16,548,982210871,8572037,17657,38.4862843,-77.9670012,M2,W,1779803,23,2,46689,33482,7212,129,593,12,4157,43600,3294
5119260,"Danville, VA Metro Area","Danville, Virginia",VA,320,329360,3,5,51,19260,18,999,2620744271,26543739,53745,36.7531804,-79.413793,M1,W,1779803,0,1,106561,67357,34688,190,570,28,2577,103976,2527
5125500,"Harrisonburg, VA Metro Area","Harrisonburg, Virginia",VA,320,329364,3,5,51,25500,18,999,2244234177,11210876,51104,38.4669574,-78.8438655,M1,W,1779803,0,1,125228,105031,4127,150,2159,62,11741,114361,11035
5128700,"Kingsport-Bristol-Bristol, TN-VA Metro Area (part)","Kingsport-Bristol-Bristol, Virginia",VA,320,329368,3,5,51,28700,19,304,2873638648,21414651,46348,36.6927933,-82.224917,M1,P,1779803,20,1,95888,91482,1821,187,358,10,1179,94501,998
5131340,"Lynchburg, VA Metro Area","Lynchburg, Virginia",VA,320,329373,3,5,51,31340,19,999,5491606701,68347040,112515,37.3445979,-79.234849,M1,W,1779803,0,1,252634,194849,43977,845,3324,64,5234,245825,6735
5132300,"Martinsville, VA Micro Area","Martinsville, Virginia",VA,320,329381,3,5,51,32300,17,999,1018617380,5433097,33473,36.6888523,-79.889562,M2,W,1779803,0,2,67972,45444,17977,96,363,2,3097,65499,2326
5140060,"Richmond, VA Metro Area","Richmond, Virginia",VA,320,329385,3,5,51,40060,21,999,14723982685,400724403,531648,37.5003179,-77.4892037,M1,W,1779803,0,1,1258251,754328,370775,4547,38940,585,63289,1172818,87384
5140220,"Roanoke, VA Metro Area","Roanoke, Virginia",VA,320,329407,3,5,51,40220,19,999,4839854582,72736019,144987,37.2576721,-79.9411112,M1,W,1779803,0,1,308707,248968,39101,568,4962,80,9713,293750,14488
5144420,"Staunton-Waynesboro, VA Micro Area","Staunton-Waynesboro, Virginia",VA,320,329415,3,5,51,44420,18,999,2595201963,10562275,52649,38.1311199,-79.0322742,M2,W,1779803,0,2,118502,104299,7916,232,701,21,3375,115387,3211
5147260,"Virginia Beach-Norfolk-Newport News, VA-NC Metro Area (part)","Virginia Beach-Norfolk-Newport News, Virginia",VA,320,329421,3,5,51,47260,21,999,6132412302,2598523498,671844,36.9838109,-76.3947048,M1,P,1779803,0,1,1648136,935020,510696,5534,56916,1862,88863,1548384,102510
5147900,"Washington-Arlington-Alexandria, DC-VA-MD-WV Metro Area (part)","Washington-Arlington-Alexandria, Virginia",VA,320,329442,3,5,51,47900,23,548,7828418644,172484302,1012030,38.7739145,-77.4678338,M1,P,1779803,23,1,2623079,1525381,304219,5442,308586,1990,393356,2029113,604863
5149020,"Winchester, VA-WV Metro Area (part)","Winchester, Virginia",VA,320,329477,3,5,51,49020,18,548,1094862314,5262029,43218,39.1831045,-78.2147513,M1,P,1779803,23,1,104508,85675,5850,219,1558,33,9209,97271,7456
5413220,"Beckley, WV Micro Area","Beckley, West Virginia",WV,320,155693,3,5,54,13220,17,138,1567850996,10350469,35931,37.7708416,-81.226184,M2,W,1779805,18,2,78859,69246,6390,180,715,23,996,77604,1248
5414140,"Bluefield, WV-VA Micro Area (part)","Bluefield, West Virginia",WV,320,155696,3,5,54,14140,18,999,1085187156,4482333,30115,37.3490004,-81.1436861,M2,P,1779805,0,2,62264,56711,3740,135,323,2,480,61577,674
5416620,"Charleston, WV Metro Area","Charleston, West Virginia",WV,320,155699,3,5,54,16620,19,999,6546817687,49686979,141585,38.3274283,-81.6751196,M1,W,1779805,0,1,304284,279242,14574,573,2443,64,2522,300030,3965
5417220,"Clarksburg, WV Micro Area","Clarksburg, West Virginia",WV,320,155706,3,5,54,17220,17,242,2353000625,10811585,42918,39.3002713,-80.3367344,M2,W,1779805,18,2,94196,89932,1347,188,394,16,1065,93282,713
5419060,"Cumberland, MD-WV Metro Area (part)","Cumberland, West Virginia",WV,320,155711,3,5,54,19060,18,999,849075073,3595249,13039,39.4470656,-78.9226142,M1,P,1779805,0,1,28212,26742,769,34,110,1,202,27965,84
5421900,"Fairmont, WV Micro Area","Fairmont, West Virginia",WV,320,155713,3,5,54,21900,17,242,799620921,7207890,26463,39.4886979,-80.1967531,M2,W,1779805,18,2,56418,52874,1838,101,281,5,514,55783,677
5425180,"Hagerstown-Martinsburg, MD-WV Metro Area (part)","Hagerstown-Martinsburg, West Virginia",WV,320,155716,3,5,54,25180,19,999,1425049909,2475685,54515,39.4981764,-78.0707412,M1,P,1779805,0,1,121710,106328,7330,285,910,33,4144,118283,3634
5426580,"Huntington-Ashland, WV-KY-OH Metro Area (part)","Huntington-Ashland, West Virginia",WV,320,155720,3,5,54,26580,19,999,2038318275,34006781,65396,38.3458674,-82.4040519,M1,P,1779805,0,1,138800,129226,4791,315,1003,25,1264,136443,2070
5434060,"Morgantown, WV Metro Area","Morgantown, West Virginia",WV,320,155724,3,5,54,34060,18,999,2612952673,21760236,58335,39.5656878,-79.8482757,M1,W,1779805,0,1,129709,118855,3796,193,2977,52,1921,125121,4767
5436060,"Oak Hill, WV Micro Area","Oak Hill, West Virginia",WV,320,155728,3,5,54,36060,16,138,1713406009,17606569,21618,38.0327436,-81.1252606,M2,W,1779805,18,2,46039,42763,2097,91,89,5,402,45754,246
5437620,"Parkersburg-Marietta-Vienna, WV-OH Metro Area (part)","Parkersburg-Marietta-Vienna, West Virginia",WV,320,155731,3,5,54,37620,18,999,1887769364,44567698,46836,39.2503377,-81.453418,M1,P,1779805,0,1,100278,96316,1045,207,486,29,831,99508,726
5438580,"Point Pleasant, WV-OH Micro Area (part)","Point Pleasant, West Virginia",WV,320,155737,3,5,54,38580,17,999,1115632960,36174753,13006,38.8218416,-82.0433995,M2,P,1779805,0,2,27324,26618,171,39,89,12,119,27130,112
5444600,"Steubenville-Weirton, OH-WV Metro Area (part)","Steubenville-Weirton, West Virginia",WV,320,155740,3,5,54,44600,18,999,444995993,22599973,25508,40.4012485,-80.5877239,M1,P,1779805,0,1,54745,52384,981,52,175,10,477,54112,503
5447900,"Washington-Arlington-Alexandria, DC-VA-MD-WV Metro Area (part)","Washington-Arlington-Alexandria, West Virginia",WV,320,155744,3,5,54,47900,23,548,542951079,5274680,22037,39.3021081,-77.8404382,M1,P,1779805,23,1,53498,45565,3445,115,605,30,2489,51335,2210
5448540,"Wheeling, WV-OH Metro Area (part)","Wheeling, West Virginia",WV,320,155748,3,5,54,48540,18,999,1065135625,25710376,37090,39.9907989,-80.693808,M1,P,1779805,0,1,77550,73406,1789,99,482,7,627,76455,845
5449020,"Winchester, VA-WV Metro Area (part)","Winchester, West Virginia",WV,320,155752,3,5,54,49020,18,548,1658236572,11343541,13688,39.3224392,-78.6338082,M1,P,1779805,23,1,23964,23146,225,49,50,15,242,23645,146
